{"type": "FeatureCollection", "features": [{"type": "Feature", "properties": {"name": "San Francisco"}, "geometry": {"type": "MultiPolygon", "coordinates": [[[[-123.173825, 37.775727], [-123.173763, 37.771831], [-123.172926, 37.7636], [-123.169985, 37.75593], [-123.166699, 37.74993], [-123.162751, 37.743533], [-123.156757, 37.73784], [-123.149127, 37.732279], [-123.141495, 37.72616], [-123.132597, 37.719393], [-123.126114, 37.71673], [-123.119645, 37.715441], [-123.115575, 37.714045], [-123.104921, 37.712648], [-123.099647, 37.713591], [-123.094801, 37.714067], [-123.09285, 37.713688], [-123.0918, 37.711872], [-123.0899301, 37.7081025], [-123.088784, 37.705792], [-123.086057, 37.70075], [-123.08188, 37.69684], [-123.077155, 37.692324], [-123.074921, 37.690066], [-123.073063, 37.682583], [-123.068589, 37.673041], [-123.063578, 37.667316], [-123.05358, 37.658648], [-123.040696, 37.650328], [-123.027153, 37.645221], [-123.011605, 37.641506], [-123.0011315, 37.6403143], [-122.992589, 37.641016], [-122.9896886, 37.6413968], [-122.986747, 37.641783], [-122.980513, 37.6439], [-122.973012, 37.646581], [-122.963006, 37.651984], [-122.954876, 37.658348], [-122.949068, 37.663377], [-122.945009, 37.669773], [-122.941364, 37.67658], [-122.939661, 37.682353], [-122.939026, 37.686544], [-122.937339, 37.69093], [-122.93571, 37.697618], [-122.935865, 37.702459], [-122.937679, 37.709241], [-122.937917, 37.709956], [-122.939711, 37.71535], [-122.942294, 37.721057], [-122.945523, 37.725314], [-122.949985, 37.732187], [-122.95464, 37.736827], [-122.958391, 37.739734], [-122.961057, 37.741955], [-122.964099, 37.744281], [-122.967271, 37.746303], [-122.970449, 37.747818], [-122.973256, 37.748652], [-122.974061, 37.749929], [-122.975448, 37.752585], [-122.977596, 37.754976], [-122.981429, 37.758916], [-122.9830301, 37.760203], [-122.9871818, 37.7640703], [-122.9915659, 37.7672733], [-122.9945311, 37.7692015], [-122.997538, 37.770784], [-123.00111, 37.772053], [-123.006154, 37.773524], [-123.0108475, 37.7749243], [-123.01697, 37.776069], [-123.02585, 37.77709], [-123.031436, 37.777153], [-123.033841, 37.778375], [-123.035097, 37.780431], [-123.0366485, 37.784444], [-123.038726, 37.788881], [-123.043, 37.7947642], [-123.0485017, 37.800034], [-123.0535314, 37.8041641], [-123.059355, 37.808138], [-123.070494, 37.81383], [-123.081646, 37.818151], [-123.095261, 37.821877], [-123.1050169, 37.823106], [-123.1138532, 37.8232416], [-123.118289, 37.823058], [-123.126114, 37.821664], [-123.132272, 37.819676], [-123.139441, 37.816719], [-123.147209, 37.811951], [-123.153335, 37.807444], [-123.153863, 37.807065], [-123.160936, 37.802002], [-123.166012, 37.796885], [-123.169107, 37.792365], [-123.173715, 37.776113], [-123.173825, 37.775727]]], [[[-122.6162066, 37.8153638], [-122.4249796, 37.7082527], [-122.3289108, 37.7830802], [-122.3717246, 37.8780769], [-122.4733702, 37.8320639], [-122.4751658, 37.8337112], [-122.4781747, 37.8330848], [-122.4779971, 37.8313194], [-122.4786248, 37.8288767], [-122.4787121, 37.8275502], [-122.4784019, 37.8263339], [-122.4785895, 37.8253183], [-122.4808107, 37.8258734], [-122.4822985, 37.8257725], [-122.4832302, 37.8260257], [-122.4847401, 37.8268762], [-122.4854585, 37.82636], [-122.4867848, 37.8262961], [-122.4884217, 37.8267282], [-122.491219, 37.8264768], [-122.4915825, 37.8257538], [-122.4923343, 37.8248329], [-122.4934161, 37.824122], [-122.4946961, 37.8230457], [-122.4960917, 37.8220979], [-122.497085, 37.8224101], [-122.4982553, 37.8223458], [-122.499809, 37.821891], [-122.4999223, 37.8209433], [-122.4991496, 37.8201829], [-122.5001264, 37.8199368], [-122.501187, 37.8204783], [-122.501555, 37.8213114], [-122.5021071, 37.8214577], [-122.5026062, 37.821125], [-122.5034674, 37.8210113], [-122.5040679, 37.820988], [-122.5048005, 37.8211632], [-122.5047273, 37.8216171], [-122.5053078, 37.8219395], [-122.5056829, 37.8223616], [-122.5054352, 37.8227447], [-122.5069552, 37.8235979], [-122.5085183, 37.8239775], [-122.510445, 37.8244708], [-122.5120759, 37.8244367], [-122.5127853, 37.824625], [-122.5155328, 37.8253136], [-122.5166941, 37.8250406], [-122.5171455, 37.8249533], [-122.5180033, 37.8253566], [-122.5190774, 37.8252865], [-122.5197203, 37.8250922], [-122.5203383, 37.8252226], [-122.5215829, 37.8250669], [-122.5228757, 37.8250241], [-122.5235261, 37.8248619], [-122.5239183, 37.8246], [-122.5239682, 37.823802], [-122.5247543, 37.8230864], [-122.5247745, 37.8224703], [-122.5254968, 37.8223203], [-122.5258315, 37.8219182], [-122.5256914, 37.821301], [-122.5259622, 37.8210292], [-122.5264028, 37.820889], [-122.5279112, 37.8208927], [-122.5289744, 37.8201967], [-122.5292639, 37.8197713], [-122.5294438, 37.8192303], [-122.529333, 37.8183559], [-122.5289056, 37.8176369], [-122.5291559, 37.8169998], [-122.5285819, 37.8162167], [-122.5279985, 37.8155806], [-122.5285572, 37.8154979], [-122.5292227, 37.8155514], [-122.5297691, 37.8153599], [-122.6162066, 37.8153638]]]]}}, {"type": "Feature", "properties": {"name": "Oakland"}, "geometry": {"type": "Polygon", "coordinates": [[[-122.3558935, 37.8356877], [-122.2773103, 37.7927916], [-122.2536561, 37.7862097], [-122.2451058, 37.7822479], [-122.236566, 37.771731], [-122.2243839, 37.7637188], [-122.2264981, 37.748261], [-122.246139, 37.725685], [-122.1743129, 37.6710373], [-122.1929432, 37.716788], [-122.1893947, 37.7178356], [-122.1893586, 37.7178617], [-122.1893308, 37.7178994], [-122.1893197, 37.7179608], [-122.1893306, 37.7179983], [-122.1893509, 37.7180285], [-122.1977541, 37.7251652], [-122.1912718, 37.7281991], [-122.1868899, 37.7278166], [-122.1826651, 37.7254199], [-122.1791452, 37.7251794], [-122.1744362, 37.7265507], [-122.1706573, 37.727815], [-122.1697571, 37.7322138], [-122.1654178, 37.7375084], [-122.1511386, 37.740167], [-122.1465062, 37.7424619], [-122.1436543, 37.739884], [-122.1403938, 37.7364936], [-122.1381012, 37.7310036], [-122.1335268, 37.7341159], [-122.1315875, 37.7308785], [-122.126416, 37.729477], [-122.12473, 37.729122], [-122.122721, 37.72966], [-122.116492, 37.734329], [-122.1148191, 37.7412438], [-122.11823, 37.753831], [-122.130074, 37.771795], [-122.134376, 37.778327], [-122.143527, 37.790831], [-122.1566693, 37.7964771], [-122.1623179, 37.8000273], [-122.17059, 37.804734], [-122.17569, 37.802234], [-122.176592, 37.806632], [-122.175111, 37.808929], [-122.1856005, 37.8252407], [-122.188666, 37.8376392], [-122.2108847, 37.8541961], [-122.2179669, 37.8722163], [-122.2411564, 37.8829221], [-122.2465292, 37.8819701], [-122.2451585, 37.8697636], [-122.2447006, 37.8654781], [-122.2429302, 37.8585135], [-122.2404511, 37.8574342], [-122.2346034, 37.8563505], [-122.2342669, 37.8524675], [-122.2449929, 37.8517168], [-122.2500379, 37.8514166], [-122.2530622, 37.8518279], [-122.2534462, 37.8536715], [-122.2583146, 37.8530436], [-122.2639539, 37.8523121], [-122.2713299, 37.846452], [-122.2819796, 37.8474261], [-122.2830829, 37.8493615], [-122.2845001, 37.8503919], [-122.288382, 37.848754], [-122.287543, 37.845917], [-122.286378, 37.842269], [-122.284964, 37.837884], [-122.284, 37.836803], [-122.2799023, 37.836991], [-122.2779034, 37.8270539], [-122.3558935, 37.8356877]], [[-122.249374, 37.823649], [-122.248118, 37.824815], [-122.247953, 37.825417], [-122.245945, 37.827239], [-122.244805, 37.827978], [-122.244292, 37.828293], [-122.244279, 37.828839], [-122.243311, 37.830083], [-122.242915, 37.830007], [-122.242351, 37.830107], [-122.240781, 37.830466], [-122.238852, 37.830537], [-122.237892, 37.830623], [-122.237299, 37.830817], [-122.236966, 37.830786], [-122.235855, 37.831072], [-122.234331, 37.831348], [-122.2302181, 37.8323633], [-122.227258, 37.832473], [-122.226962, 37.832148], [-122.226752, 37.832029], [-122.22628, 37.831929], [-122.225782, 37.831655], [-122.225028, 37.831249], [-122.2244809, 37.8302321], [-122.222741, 37.828059], [-122.222307, 37.827539], [-122.221949, 37.82696], [-122.221349, 37.825817], [-122.219061, 37.824006], [-122.217381, 37.823067], [-122.216911, 37.822845], [-122.216473, 37.822671], [-122.216144, 37.822425], [-122.215615, 37.821861], [-122.21444, 37.821168], [-122.212305, 37.819885], [-122.211195, 37.81928], [-122.211212, 37.817981], [-122.212327, 37.81704], [-122.2128, 37.816227], [-122.213017, 37.81506], [-122.21319, 37.814636], [-122.213802, 37.813822], [-122.213959, 37.813499], [-122.214086, 37.813336], [-122.21459, 37.812934], [-122.214882, 37.812668], [-122.215134, 37.812347], [-122.216164, 37.812646], [-122.2171962, 37.812898], [-122.218206, 37.813096], [-122.220159, 37.81353], [-122.221141, 37.813798], [-122.22291, 37.814097], [-122.224992, 37.814632], [-122.227934, 37.815313], [-122.231504, 37.816054], [-122.233278, 37.816545], [-122.234635, 37.816927], [-122.2355, 37.817143], [-122.237361, 37.817399], [-122.23931, 37.817841], [-122.241007, 37.818187], [-122.2432, 37.818712], [-122.244022, 37.818972], [-122.2450299, 37.8192182], [-122.245841, 37.819942], [-122.246395, 37.820602], [-122.247414, 37.821552], [-122.248953, 37.8233], [-122.249374, 37.823649]]]}}, {"type": "Feature", "properties": {"name": "San Jose"}, "geometry": {"type": "MultiPolygon", "coordinates": [[[[-122.046227, 37.4599789], [-121.9599738, 37.4098467], [-121.9425429, 37.4008199], [-121.9381582, 37.381619], [-121.9396714, 37.3654053], [-121.95021, 37.3298499], [-122.0195111, 37.3099873], [-122.0325592, 37.3020446], [-121.9940769, 37.2736548], [-121.9729685, 37.277639], [-121.9806412, 37.29218], [-121.9446406, 37.297815], [-121.9207274, 37.289871], [-121.9337293, 37.2758278], [-121.9429098, 37.2668918], [-121.9313579, 37.2424149], [-121.9118359, 37.2170421], [-121.8826774, 37.2142369], [-121.8486829, 37.1930583], [-121.8246897, 37.199791], [-121.8179695, 37.2044377], [-121.8356759, 37.2204165], [-121.8453284, 37.2269162], [-121.8321849, 37.2261369], [-121.8283745, 37.2258646], [-121.8251464, 37.2279735], [-121.8205787, 37.2295634], [-121.817046, 37.2281985], [-121.8121022, 37.2270413], [-121.8085452, 37.226354], [-121.801218, 37.2257716], [-121.7854961, 37.2213562], [-121.7729046, 37.1875614], [-121.8121212, 37.1865146], [-121.8149656, 37.1761106], [-121.8187826, 37.173789], [-121.7822717, 37.1824907], [-121.7848991, 37.1508656], [-121.7687097, 37.148455], [-121.7133536, 37.1908255], [-121.7046707, 37.1856734], [-121.6410088, 37.1682307], [-121.7175864, 37.1965486], [-121.7341615, 37.2351311], [-121.727172, 37.2373853], [-121.7676512, 37.2545614], [-121.7869515, 37.2658628], [-121.7328774, 37.268892], [-121.7290629, 37.2856526], [-121.7517685, 37.3010127], [-121.7589059, 37.3221845], [-121.7634618, 37.3363491], [-121.7889825, 37.350927], [-121.7905173, 37.3669923], [-121.8130792, 37.3692359], [-121.8163042, 37.3680451], [-121.8123459, 37.3609533], [-121.8246191, 37.3638458], [-121.8291167, 37.3717522], [-121.8332683, 37.3723163], [-121.8322938, 37.3779687], [-121.8274945, 37.3777769], [-121.832665, 37.3925518], [-121.8262009, 37.3957943], [-121.8130484, 37.3911419], [-121.8058193, 37.3896458], [-121.790517, 37.411151], [-121.8265503, 37.4101465], [-121.8737577, 37.4164574], [-121.917218, 37.4010468], [-121.9232741, 37.4112044], [-121.9256546, 37.4252527], [-121.9241464, 37.4441132], [-121.9249309, 37.4537222], [-121.9354538, 37.4615679], [-121.9473087, 37.4623115], [-122.046227, 37.4599789]], [[-121.9404048, 37.2600851], [-121.9403794, 37.2601458], [-121.9376134, 37.2601744], [-121.9376476, 37.2632929], [-121.9369813, 37.263049], [-121.9361737, 37.2625817], [-121.9354762, 37.2622692], [-121.9355233, 37.2620768], [-121.9353292, 37.2619844], [-121.9352778, 37.2620103], [-121.9347648, 37.2618716], [-121.9342737, 37.2617587], [-121.9335265, 37.2610101], [-121.9330183, 37.2601973], [-121.93224, 37.2598063], [-121.9314856, 37.2593087], [-121.9315202, 37.2589722], [-121.9315544, 37.2588155], [-121.9314946, 37.2587823], [-121.9311436, 37.2584162], [-121.9291338, 37.2597469], [-121.9284795, 37.2592491], [-121.9284496, 37.2593438], [-121.9280271, 37.2597384], [-121.9275763, 37.2604003], [-121.9274747, 37.2606365], [-121.9273617, 37.2613428], [-121.9265713, 37.2610523], [-121.9255215, 37.2615914], [-121.9254678, 37.2615692], [-121.9254514, 37.2615258], [-121.9254872, 37.2613218], [-121.925393, 37.2610989], [-121.9246595, 37.26102], [-121.9231705, 37.2615918], [-121.9225447, 37.2615757], [-121.9224977, 37.2615335], [-121.9224788, 37.2614778], [-121.922332, 37.2606038], [-121.9223085, 37.2601942], [-121.9221627, 37.2597578], [-121.921993, 37.2594317], [-121.9223126, 37.259063], [-121.9223131, 37.2583638], [-121.922295, 37.2575115], [-121.922283, 37.2563205], [-121.9228705, 37.2561507], [-121.9234981, 37.2558195], [-121.9222669, 37.2548216], [-121.9217684, 37.2543981], [-121.9211764, 37.254416], [-121.9178184, 37.2544451], [-121.9178154, 37.2537224], [-121.9177967, 37.2516828], [-121.9180927, 37.2508679], [-121.9188148, 37.2508829], [-121.9202132, 37.2508726], [-121.9214565, 37.2508296], [-121.9224523, 37.2508155], [-121.9268458, 37.2501318], [-121.9268912, 37.2500755], [-121.926909, 37.2500109], [-121.926873, 37.2499246], [-121.9284952, 37.249271], [-121.9304668, 37.2492514], [-121.9311731, 37.2495385], [-121.9311118, 37.2496001], [-121.9310767, 37.24975], [-121.9311343, 37.2497562], [-121.9311703, 37.2498013], [-121.9310551, 37.2515225], [-121.9311021, 37.2561521], [-121.9329807, 37.2561354], [-121.9348732, 37.2561191], [-121.9359, 37.2561157], [-121.9370207, 37.2561051], [-121.9403684, 37.2568361], [-121.9403931, 37.2589797], [-121.9404048, 37.2600851]], [[-121.9399592, 37.2606597], [-121.9392932, 37.260664], [-121.9392912, 37.2603653], [-121.9392932, 37.26035], [-121.9393022, 37.2603364], [-121.9393132, 37.2603281], [-121.9393212, 37.2603239], [-121.9393392, 37.2603192], [-121.9396712, 37.2603161], [-121.9398792, 37.2603164], [-121.9399002, 37.2603194], [-121.9399122, 37.2603238], [-121.9399242, 37.2603299], [-121.9399392, 37.260342], [-121.9399462, 37.2603516], [-121.9399532, 37.2603667], [-121.9399592, 37.2606597]], [[-121.9397872, 37.3096354], [-121.9390553, 37.3101999], [-121.9388251, 37.3105171], [-121.9386835, 37.3107881], [-121.9386954, 37.3120819], [-121.9387258, 37.3151169], [-121.9386478, 37.3159224], [-121.9385881, 37.3159749], [-121.9385864, 37.3162272], [-121.9386074, 37.316686], [-121.9385267, 37.3168132], [-121.9383759, 37.3168894], [-121.9362402, 37.3169208], [-121.9361729, 37.3166615], [-121.9348812, 37.3169605], [-121.9348565, 37.3168088], [-121.9347415, 37.3167331], [-121.9345463, 37.3168066], [-121.9337975, 37.3168854], [-121.9334662, 37.3162271], [-121.931608, 37.3176028], [-121.9320594, 37.3178384], [-121.9327809, 37.3177641], [-121.9330568, 37.3177817], [-121.9337013, 37.3179169], [-121.9346296, 37.3180084], [-121.9348934, 37.3180024], [-121.9358161, 37.318087], [-121.935924, 37.3180449], [-121.9363256, 37.3181444], [-121.9363423, 37.3180782], [-121.9368357, 37.318091], [-121.9375423, 37.3182789], [-121.9382955, 37.3183876], [-121.9392332, 37.3196509], [-121.9397349, 37.3214345], [-121.9397296, 37.3218963], [-121.9389809, 37.3225331], [-121.936918, 37.3229309], [-121.9334004, 37.3229792], [-121.9333449, 37.3226871], [-121.9327953, 37.3221962], [-121.932487, 37.3220928], [-121.9321021, 37.3218031], [-121.9321199, 37.3216006], [-121.9318813, 37.3215558], [-121.9309678, 37.3219428], [-121.9316869, 37.3226427], [-121.9306268, 37.3229436], [-121.9284002, 37.3229349], [-121.9267659, 37.3230546], [-121.9258117, 37.3232695], [-121.9243844, 37.3232878], [-121.9233035, 37.3230326], [-121.9222117, 37.3220401], [-121.9221938, 37.3202016], [-121.9226644, 37.319662], [-121.9237063, 37.319655], [-121.9237447, 37.3205507], [-121.9248964, 37.3195805], [-121.9253551, 37.3196159], [-121.9254164, 37.3185224], [-121.9259469, 37.3162522], [-121.9294252, 37.3162123], [-121.9316097, 37.3160966], [-121.931791, 37.3108996], [-121.9324473, 37.3096105], [-121.9322151, 37.3088356], [-121.9347764, 37.3078226], [-121.9364048, 37.3078325], [-121.937613, 37.3052868], [-121.9396514, 37.3056036], [-121.9396739, 37.3079335], [-121.9391635, 37.3088297], [-121.9397872, 37.3096354]], [[-121.9347982, 37.3253208], [-121.9338757, 37.3253288], [-121.9337419, 37.325328], [-121.9335024, 37.3253317], [-121.9323726, 37.325204], [-121.9321221, 37.3253495], [-121.9317934, 37.3253639], [-121.9318114, 37.3253739], [-121.931818, 37.3254731], [-121.931441, 37.3254752], [-121.9315265, 37.3256142], [-121.9318209, 37.3259829], [-121.9314392, 37.325999], [-121.9318231, 37.3261064], [-121.9314451, 37.3263552], [-121.9318277, 37.3264776], [-121.9314469, 37.3266089], [-121.9308465, 37.3268605], [-121.9304183, 37.3266152], [-121.9304264, 37.3270014], [-121.9298112, 37.326999], [-121.9293992, 37.3270027], [-121.9284311, 37.3270103], [-121.9273065, 37.3270117], [-121.926885, 37.3268766], [-121.9270561, 37.3263773], [-121.9273129, 37.3262547], [-121.9268713, 37.3256397], [-121.9273028, 37.3255184], [-121.9268693, 37.3252629], [-121.9259522, 37.3252613], [-121.9258741, 37.3250989], [-121.9258585, 37.3235593], [-121.926691, 37.3235535], [-121.9266931, 37.3238981], [-121.9272927, 37.3240155], [-121.9278086, 37.3241361], [-121.9283356, 37.3240279], [-121.9278931, 37.3240119], [-121.9281479, 37.3238897], [-121.9287468, 37.3235404], [-121.928755, 37.3242675], [-121.929358, 37.3242633], [-121.9293543, 37.3238813], [-121.929492, 37.3235351], [-121.9300975, 37.323534], [-121.9308106, 37.3235321], [-121.9309854, 37.3238665], [-121.9314153, 37.3238656], [-121.9314251, 37.3244312], [-121.9318065, 37.3249788], [-121.9321458, 37.3250627], [-121.9325135, 37.3245982], [-121.932362, 37.3246799], [-121.9321035, 37.3243762], [-121.932205, 37.3242615], [-121.9335535, 37.3242485], [-121.9335567, 37.323508], [-121.9344751, 37.3238398], [-121.9343269, 37.3242422], [-121.9341735, 37.3243052], [-121.9343384, 37.3246537], [-121.9347821, 37.3243003], [-121.9347982, 37.3253208]], [[-121.8728866, 37.3955135], [-121.8728866, 37.3955401], [-121.8728838, 37.3955665], [-121.8728782, 37.3955927], [-121.8728697, 37.3956184], [-121.8728586, 37.3956434], [-121.8728449, 37.3956676], [-121.8728286, 37.3956907], [-121.8728099, 37.3957127], [-121.8719933, 37.3962856], [-121.871954, 37.3963096], [-121.8719122, 37.3963307], [-121.8718682, 37.3963487], [-121.8718224, 37.3963636], [-121.871775, 37.396375], [-121.8717266, 37.3963831], [-121.8716775, 37.3963877], [-121.8714281, 37.3962175], [-121.8712717, 37.3961049], [-121.8710361, 37.3959549], [-121.8705934, 37.3956329], [-121.8705547, 37.3956034], [-121.8705257, 37.3955772], [-121.8704993, 37.3955492], [-121.8704761, 37.3955196], [-121.8704498, 37.3954794], [-121.87042, 37.3954409], [-121.8703866, 37.3954042], [-121.8697525, 37.3949537], [-121.8697325, 37.394938], [-121.8693669, 37.3947295], [-121.8690981, 37.3945679], [-121.8705025, 37.3935927], [-121.8712908, 37.3930111], [-121.8728697, 37.3954352], [-121.8728781, 37.3954609], [-121.8728838, 37.3954871], [-121.8728866, 37.3955135]], [[-121.8706772, 37.2899035], [-121.8706745, 37.2899856], [-121.8700394, 37.2912694], [-121.8706701, 37.291405], [-121.8699286, 37.2918714], [-121.8682393, 37.2901752], [-121.8672972, 37.2892268], [-121.8677853, 37.2888571], [-121.8681129, 37.2891827], [-121.8683974, 37.2894568], [-121.8684519, 37.2896087], [-121.8683901, 37.2898782], [-121.8686715, 37.2899387], [-121.8686955, 37.2898674], [-121.8693819, 37.2905372], [-121.8703692, 37.2898724], [-121.8704532, 37.2898892], [-121.8705388, 37.2898998], [-121.8706252, 37.289904], [-121.8706772, 37.2899035]], [[-121.8703438, 37.2370987], [-121.8701581, 37.237217], [-121.8700009, 37.2373592], [-121.8658615, 37.2374772], [-121.8653368, 37.2375253], [-121.8635745, 37.2374562], [-121.8624062, 37.2391503], [-121.8622, 37.2389536], [-121.8617397, 37.2387076], [-121.8615825, 37.2386688], [-121.8609079, 37.2382734], [-121.8605026, 37.2380319], [-121.8594334, 37.2376744], [-121.8590056, 37.237562], [-121.8581458, 37.2374849], [-121.8577819, 37.2372167], [-121.8569873, 37.2370442], [-121.8561545, 37.2369656], [-121.8566447, 37.2351898], [-121.8558663, 37.2290826], [-121.8581505, 37.2288353], [-121.8584375, 37.2287339], [-121.8594259, 37.2284571], [-121.8595282, 37.2284421], [-121.859613, 37.2284464], [-121.8598152, 37.2284199], [-121.8599775, 37.2284217], [-121.8602719, 37.228443], [-121.8605048, 37.2285979], [-121.8607574, 37.2287318], [-121.8610266, 37.2288431], [-121.8613092, 37.2289304], [-121.861602, 37.2289928], [-121.8629702, 37.2291823], [-121.8640395, 37.2295485], [-121.8652783, 37.2303264], [-121.8664298, 37.2309545], [-121.866869, 37.2314653], [-121.8683276, 37.2318147], [-121.8684276, 37.2318575], [-121.8686154, 37.2319571], [-121.8687841, 37.2320765], [-121.8684466, 37.2319339], [-121.868013, 37.2321375], [-121.8674179, 37.2324127], [-121.8660876, 37.2325782], [-121.8640528, 37.2330139], [-121.8638827, 37.2330678], [-121.8634611, 37.2332417], [-121.8632391, 37.2334124], [-121.8631487, 37.2335229], [-121.8631718, 37.2338426], [-121.8635573, 37.2344719], [-121.8642999, 37.2342019], [-121.8647894, 37.2341618], [-121.8651066, 37.2342273], [-121.865432, 37.2342885], [-121.8656868, 37.2343354], [-121.8668861, 37.2344499], [-121.8678873, 37.2345474], [-121.8681343, 37.2345929], [-121.8683082, 37.234646], [-121.8687517, 37.2348046], [-121.8698654, 37.2354626], [-121.8701352, 37.2362917], [-121.8703134, 37.2370009], [-121.8703438, 37.2370987]], [[-121.8674148, 37.2869674], [-121.8673504, 37.2872961], [-121.8649257, 37.289153], [-121.8638759, 37.2882959], [-121.8642597, 37.2880086], [-121.865289, 37.287219], [-121.86505, 37.2870677], [-121.8643106, 37.2865051], [-121.8656022, 37.2864909], [-121.8664861, 37.2868849], [-121.8669757, 37.2872792], [-121.8674148, 37.2869674]], [[-121.8576694, 37.3010188], [-121.8559063, 37.3022192], [-121.8541136, 37.3034322], [-121.8542739, 37.3035929], [-121.8541214, 37.3036453], [-121.8539012, 37.3037395], [-121.8536918, 37.3038483], [-121.8534933, 37.3039653], [-121.8527189, 37.3044679], [-121.8526385, 37.3043941], [-121.8525743, 37.3043296], [-121.8522093, 37.3039335], [-121.8512177, 37.302942], [-121.8510742, 37.3028004], [-121.8508613, 37.3025838], [-121.8506317, 37.3023541], [-121.8505865, 37.3023068], [-121.8484092, 37.3037677], [-121.8483436, 37.3036977], [-121.8483219, 37.3036716], [-121.8482116, 37.3035618], [-121.848, 37.3033416], [-121.8477861, 37.3031153], [-121.8471058, 37.3024189], [-121.8468925, 37.3021931], [-121.8467855, 37.3020769], [-121.8467578, 37.3020497], [-121.8466579, 37.3019437], [-121.8465999, 37.3018865], [-121.8464192, 37.3017018], [-121.8463266, 37.3016044], [-121.8469065, 37.3012051], [-121.8453749, 37.299613], [-121.845531, 37.2995053], [-121.8455834, 37.2995598], [-121.8464159, 37.2989859], [-121.8463611, 37.2989329], [-121.8513118, 37.2956093], [-121.8528836, 37.2970652], [-121.8538009, 37.2964384], [-121.8538925, 37.2963822], [-121.8566223, 37.299135], [-121.8565366, 37.2991942], [-121.8562862, 37.299362], [-121.8564854, 37.2995853], [-121.8576694, 37.3010188]], [[-121.8555216, 37.4188851], [-121.8546564, 37.4193336], [-121.8504614, 37.4216148], [-121.8503455, 37.4214846], [-121.8502593, 37.4213404], [-121.8502094, 37.4212025], [-121.8501901, 37.4210987], [-121.8501877, 37.4209557], [-121.8502124, 37.4208434], [-121.8502238, 37.4207847], [-121.8502166, 37.4206906], [-121.850186, 37.4206134], [-121.8501478, 37.420558], [-121.8500979, 37.4205089], [-121.8500381, 37.4204674], [-121.8499701, 37.4204349], [-121.849896, 37.4204123], [-121.8498182, 37.4204005], [-121.8495644, 37.4203957], [-121.8491405, 37.4203483], [-121.848732, 37.4202466], [-121.8483494, 37.4200935], [-121.8472122, 37.4203021], [-121.8473343, 37.4193813], [-121.8466675, 37.4191227], [-121.8462656, 37.419348], [-121.8459066, 37.4194174], [-121.8455233, 37.4196567], [-121.8452988, 37.4197319], [-121.8449717, 37.4193247], [-121.8444442, 37.4193553], [-121.8442219, 37.4194737], [-121.8441276, 37.4196083], [-121.8439675, 37.4197646], [-121.8438841, 37.419288], [-121.8436699, 37.4194228], [-121.8433323, 37.4195296], [-121.8422696, 37.419062], [-121.8417298, 37.4187533], [-121.8414054, 37.4164669], [-121.8411727, 37.4159577], [-121.8416682, 37.415863], [-121.8424401, 37.4156472], [-121.8428213, 37.4155112], [-121.8432172, 37.415637], [-121.8432017, 37.4153559], [-121.8433186, 37.4152921], [-121.8433978, 37.4151958], [-121.8434243, 37.4150891], [-121.8433774, 37.414726], [-121.8433501, 37.4145946], [-121.8433078, 37.4144652], [-121.8432509, 37.4143396], [-121.8430997, 37.4140876], [-121.8429535, 37.4138189], [-121.8429257, 37.4137287], [-121.842917, 37.413636], [-121.8429276, 37.4135434], [-121.8429622, 37.4134428], [-121.8429832, 37.4134129], [-121.8430242, 37.4133813], [-121.8449043, 37.4152025], [-121.8452167, 37.4151493], [-121.8461016, 37.4148947], [-121.8471954, 37.4146312], [-121.8478883, 37.4146816], [-121.848188, 37.4147474], [-121.8483812, 37.4147937], [-121.8486687, 37.4148926], [-121.8490163, 37.4151039], [-121.8494871, 37.4150177], [-121.8499672, 37.4150397], [-121.8504288, 37.4151722], [-121.8510789, 37.415487], [-121.8521728, 37.4149819], [-121.8523486, 37.4152215], [-121.852496, 37.4154221], [-121.8527542, 37.4157881], [-121.8531885, 37.4163889], [-121.8534398, 37.4166044], [-121.8538861, 37.4168594], [-121.8540845, 37.4169694], [-121.8542003, 37.4170739], [-121.854328, 37.4172352], [-121.854879, 37.4179862], [-121.8549608, 37.4181086], [-121.8552226, 37.4184709], [-121.8554831, 37.4188277], [-121.8555216, 37.4188851]], [[-121.8485149, 37.2879303], [-121.8483498, 37.2878763], [-121.8483232, 37.2879485], [-121.8475408, 37.2876839], [-121.8465425, 37.2873413], [-121.8462149, 37.2872123], [-121.845865, 37.2870577], [-121.8453141, 37.2874194], [-121.845157, 37.2875272], [-121.8449852, 37.2873614], [-121.8444918, 37.2868845], [-121.8446513, 37.2867916], [-121.8449363, 37.2866045], [-121.8440256, 37.2860791], [-121.8437062, 37.2858481], [-121.8436357, 37.2859564], [-121.8434777, 37.2857603], [-121.843533, 37.2857228], [-121.8437258, 37.2855813], [-121.8441937, 37.2852636], [-121.8441928, 37.2849694], [-121.8441949, 37.2847295], [-121.8441904, 37.2843855], [-121.8441942, 37.2843492], [-121.8442199, 37.2841715], [-121.8442592, 37.284014], [-121.8443146, 37.2838596], [-121.8443856, 37.2837093], [-121.844437, 37.2836092], [-121.8430079, 37.2821989], [-121.8433931, 37.2815517], [-121.8443881, 37.2809594], [-121.8450202, 37.2816], [-121.8451647, 37.2817511], [-121.8453331, 37.2819186], [-121.8457793, 37.2823907], [-121.8459466, 37.2825597], [-121.8461099, 37.2827281], [-121.8461432, 37.2827657], [-121.8459466, 37.2828653], [-121.8458002, 37.282945], [-121.8456953, 37.2830045], [-121.8455917, 37.2830654], [-121.8453883, 37.2831912], [-121.8451895, 37.2833229], [-121.845098, 37.2833933], [-121.8450143, 37.2834703], [-121.8449393, 37.2835529], [-121.8448737, 37.2836404], [-121.8448182, 37.2837321], [-121.8447681, 37.2838344], [-121.8447261, 37.2839387], [-121.8446922, 37.2840448], [-121.8446666, 37.2841521], [-121.8446494, 37.2842599], [-121.8446402, 37.2843711], [-121.8446264, 37.2844853], [-121.8446216, 37.2845415], [-121.844616, 37.2846543], [-121.8446152, 37.2847107], [-121.8446173, 37.2848235], [-121.8446208, 37.2848839], [-121.8446177, 37.2849205], [-121.8446105, 37.284957], [-121.844599, 37.2849928], [-121.8445834, 37.2850277], [-121.8445639, 37.2850612], [-121.8445501, 37.2850811], [-121.844544, 37.2850958], [-121.8445412, 37.2851111], [-121.8445417, 37.2851265], [-121.8445456, 37.2851417], [-121.8445527, 37.2851561], [-121.844645, 37.285228], [-121.8454746, 37.2863784], [-121.8484671, 37.2875582], [-121.8485149, 37.2879303]], [[-121.8464874, 37.4112146], [-121.8464067, 37.411229], [-121.8461061, 37.4112877], [-121.8460392, 37.4112988], [-121.845974, 37.4113148], [-121.845911, 37.4113358], [-121.8458507, 37.4113614], [-121.8458024, 37.4113946], [-121.8457582, 37.4114313], [-121.8457186, 37.4114711], [-121.845684, 37.4115138], [-121.8456545, 37.4115589], [-121.8456411, 37.4115933], [-121.8456313, 37.4116285], [-121.8456254, 37.4116642], [-121.8456233, 37.4117002], [-121.8456249, 37.4117362], [-121.8456469, 37.4118739], [-121.8456964, 37.4121405], [-121.8457052, 37.4122], [-121.8457162, 37.4123081], [-121.8457292, 37.4124007], [-121.845739, 37.4124403], [-121.845753, 37.4124792], [-121.8457711, 37.412517], [-121.8457932, 37.4125534], [-121.845828, 37.4125906], [-121.8457419, 37.4126099], [-121.8450137, 37.4127816], [-121.8448874, 37.4128174], [-121.8447916, 37.4128401], [-121.8444105, 37.4129136], [-121.8436521, 37.4130936], [-121.8435665, 37.4130946], [-121.8434802, 37.4131019], [-121.8433942, 37.4131154], [-121.8433096, 37.4131351], [-121.8432273, 37.4131609], [-121.8431485, 37.4131925], [-121.843074, 37.4132294], [-121.8430047, 37.413271], [-121.8429386, 37.4133199], [-121.8424876, 37.4126072], [-121.8409509, 37.4102178], [-121.8411059, 37.4102364], [-121.84112, 37.4102364], [-121.8425413, 37.4099664], [-121.8435112, 37.4099416], [-121.8438171, 37.4096167], [-121.8440022, 37.4096923], [-121.8441012, 37.4097233], [-121.8441636, 37.4097347], [-121.8442632, 37.4097425], [-121.8445402, 37.4097454], [-121.8448404, 37.409763], [-121.8449576, 37.4097638], [-121.8450064, 37.4097686], [-121.8450537, 37.4097705], [-121.845229, 37.4097942], [-121.8455865, 37.4098077], [-121.8457715, 37.4103442], [-121.8459093, 37.4105004], [-121.8459939, 37.4105991], [-121.8464461, 37.4111582], [-121.8464874, 37.4112146]], [[-121.841713, 37.4058201], [-121.8408823, 37.4062124], [-121.8401981, 37.4065142], [-121.839487, 37.4070019], [-121.8398148, 37.4076428], [-121.8393709, 37.4083487], [-121.8382692, 37.4075032], [-121.838178, 37.4074797], [-121.8381182, 37.4075184], [-121.8380512, 37.4075487], [-121.8379789, 37.4075697], [-121.8379032, 37.4075808], [-121.8377802, 37.4075808], [-121.8375284, 37.4075561], [-121.8370893, 37.4075017], [-121.8369099, 37.4075013], [-121.8366527, 37.4075103], [-121.8365782, 37.407503], [-121.8365065, 37.4074855], [-121.8363692, 37.4074296], [-121.836104, 37.4073004], [-121.8357774, 37.4071481], [-121.8357058, 37.4071159], [-121.8356285, 37.4070938], [-121.8355476, 37.4070823], [-121.8354655, 37.4070819], [-121.8353917, 37.4070939], [-121.8353288, 37.4071167], [-121.8352718, 37.4071478], [-121.8352223, 37.4071862], [-121.8351817, 37.4072308], [-121.8351256, 37.4073306], [-121.8350043, 37.4074302], [-121.8345883, 37.4072835], [-121.8346555, 37.4070788], [-121.8351931, 37.4066539], [-121.8355798, 37.4070467], [-121.8357062, 37.4070746], [-121.8361742, 37.4072873], [-121.8359092, 37.4067128], [-121.8357956, 37.4063737], [-121.8356418, 37.4060138], [-121.8366004, 37.4059012], [-121.8376925, 37.4057667], [-121.8383494, 37.4056388], [-121.8386493, 37.4055447], [-121.8383637, 37.4052573], [-121.8382087, 37.4050874], [-121.8381156, 37.404966], [-121.837408, 37.405086], [-121.8362851, 37.4052704], [-121.8363951, 37.404566], [-121.8363499, 37.4045622], [-121.8363037, 37.404549], [-121.8361845, 37.4044947], [-121.8361405, 37.4044625], [-121.8354062, 37.4046552], [-121.8351246, 37.4046785], [-121.8349629, 37.4047825], [-121.8347869, 37.4047777], [-121.8345836, 37.4049647], [-121.8343262, 37.4054092], [-121.8333272, 37.404608], [-121.8332194, 37.4045003], [-121.8331543, 37.4044684], [-121.8331161, 37.4044342], [-121.8332203, 37.4039818], [-121.8330119, 37.4035655], [-121.8335246, 37.4032962], [-121.8341096, 37.4030438], [-121.8350751, 37.4026089], [-121.8361831, 37.4020878], [-121.8370351, 37.4016804], [-121.8373764, 37.4015244], [-121.837627, 37.4014089], [-121.8377835, 37.4013531], [-121.8379731, 37.4012605], [-121.838345, 37.4010958], [-121.8387308, 37.4011131], [-121.8395595, 37.4021046], [-121.8401125, 37.4028639], [-121.8392247, 37.4032793], [-121.8395903, 37.4037915], [-121.8400012, 37.4043656], [-121.8405912, 37.4051842], [-121.8408212, 37.4055086], [-121.8413727, 37.4054071], [-121.841713, 37.4058201]], [[-121.8201986, 37.3660212], [-121.8199172, 37.3662127], [-121.8195856, 37.3659024], [-121.8197361, 37.3657999], [-121.8198703, 37.365714], [-121.8201986, 37.3660212]], [[-121.8197967, 37.3662947], [-121.8196658, 37.3663838], [-121.8195423, 37.3662648], [-121.8193342, 37.3660735], [-121.8194651, 37.3659844], [-121.8197967, 37.3662947]], [[-121.8192621, 37.2890013], [-121.8183963, 37.2906294], [-121.8174973, 37.2894641], [-121.8166084, 37.2889673], [-121.8156777, 37.2886809], [-121.8153369, 37.2885787], [-121.8149121, 37.2885725], [-121.8145711, 37.2886631], [-121.814315, 37.2888066], [-121.8140892, 37.2890363], [-121.8138633, 37.2893548], [-121.8136546, 37.2895486], [-121.8135706, 37.2895777], [-121.8134564, 37.2895798], [-121.8128479, 37.2894706], [-121.8101729, 37.2904564], [-121.8092791, 37.2903482], [-121.8091401, 37.2909403], [-121.8086893, 37.2913478], [-121.8087521, 37.2899301], [-121.8092608, 37.289402], [-121.8092182, 37.2885102], [-121.8091273, 37.2867553], [-121.8090481, 37.2848259], [-121.809007, 37.2844708], [-121.8085411, 37.2829138], [-121.8084123, 37.2826296], [-121.8082114, 37.2823734], [-121.8079475, 37.2821568], [-121.8076323, 37.2819896], [-121.80728, 37.2818792], [-121.8067016, 37.2818064], [-121.8066455, 37.2817741], [-121.8066438, 37.2817274], [-121.8065097, 37.2815779], [-121.8062787, 37.2814039], [-121.8055578, 37.2810114], [-121.8051405, 37.280835], [-121.8049038, 37.2807053], [-121.80276, 37.2791362], [-121.8022233, 37.2788041], [-121.8013487, 37.2781496], [-121.7997625, 37.2779416], [-121.8005571, 37.2754624], [-121.8019272, 37.2756494], [-121.8023248, 37.2757105], [-121.8026701, 37.2757933], [-121.8030702, 37.2759414], [-121.8035047, 37.2761601], [-121.80437, 37.2766412], [-121.8047315, 37.2768006], [-121.8051506, 37.2769432], [-121.8057491, 37.2771374], [-121.806121, 37.2776786], [-121.8088753, 37.2784689], [-121.8134153, 37.2802096], [-121.8143073, 37.2823671], [-121.8144997, 37.2835783], [-121.8143904, 37.2838618], [-121.8143472, 37.2839985], [-121.8143281, 37.2841014], [-121.8142976, 37.2841933], [-121.8129658, 37.2863862], [-121.8158917, 37.2880032], [-121.818807, 37.2884042], [-121.8192621, 37.2890013]], [[-121.8049081, 37.3407025], [-121.8035319, 37.3413804], [-121.8035291, 37.3413769], [-121.8004916, 37.3429439], [-121.8001061, 37.3431362], [-121.7985291, 37.3439309], [-121.7983578, 37.3440206], [-121.7982184, 37.3439241], [-121.7978783, 37.3441076], [-121.7977617, 37.3441666], [-121.7974923, 37.34431], [-121.7971369, 37.3440396], [-121.7959788, 37.343254], [-121.7950614, 37.3426342], [-121.7985181, 37.3413681], [-121.7944748, 37.3369341], [-121.8004299, 37.3357552], [-121.8048951, 37.340642], [-121.8048674, 37.3406583], [-121.8049081, 37.3407025]], [[-121.7584011, 37.2178366], [-121.7571498, 37.2185305], [-121.7563465, 37.2197106], [-121.75564, 37.2207123], [-121.7519175, 37.2255592], [-121.7535267, 37.2266879], [-121.7520876, 37.2264845], [-121.7513084, 37.2259629], [-121.7512115, 37.2259065], [-121.7511429, 37.2258525], [-121.7510791, 37.2257831], [-121.7510872, 37.2255707], [-121.751077, 37.225392], [-121.7510957, 37.2252614], [-121.7511592, 37.2251193], [-121.7512234, 37.2250095], [-121.749951, 37.2242549], [-121.7492231, 37.2242343], [-121.7489095, 37.2241249], [-121.7487304, 37.2240483], [-121.7477996, 37.2232761], [-121.7469527, 37.2226086], [-121.7468293, 37.2224907], [-121.7467117, 37.2223719], [-121.7464944, 37.2221572], [-121.7479963, 37.2216185], [-121.7481262, 37.2214838], [-121.7481647, 37.2211226], [-121.7479455, 37.2206078], [-121.7476271, 37.2202374], [-121.7474777, 37.2200197], [-121.747319, 37.2196111], [-121.7472749, 37.2192613], [-121.7472374, 37.2188177], [-121.746955, 37.2183876], [-121.7469401, 37.218374], [-121.7465967, 37.2180602], [-121.7456534, 37.2174712], [-121.7454441, 37.2172829], [-121.7452899, 37.2170284], [-121.7452736, 37.2168476], [-121.745289, 37.2168021], [-121.7451994, 37.216725], [-121.7453098, 37.2165295], [-121.7460848, 37.2155907], [-121.7468122, 37.2148768], [-121.7470952, 37.215054], [-121.7477325, 37.2147907], [-121.7486336, 37.2146929], [-121.7495922, 37.214421], [-121.7502826, 37.2143337], [-121.7508471, 37.2142522], [-121.7511133, 37.2142325], [-121.7514778, 37.214273], [-121.7529637, 37.21532], [-121.7566971, 37.2172565], [-121.7567897, 37.2174866], [-121.7572959, 37.2177351], [-121.7578866, 37.2175611], [-121.7584011, 37.2178366]], [[-121.7424216, 37.2180414], [-121.7421432, 37.2182224], [-121.7420549, 37.2181443], [-121.7416683, 37.217873], [-121.7410239, 37.2175837], [-121.7406889, 37.2174257], [-121.7405877, 37.2173329], [-121.7403488, 37.2175086], [-121.7398514, 37.2178447], [-121.7393302, 37.2173881], [-121.7393144, 37.2173987], [-121.7392174, 37.2173062], [-121.7390998, 37.2172674], [-121.7378479, 37.2161659], [-121.7376959, 37.2162772], [-121.736963, 37.2156206], [-121.7376533, 37.2151255], [-121.737946, 37.2149211], [-121.7373424, 37.2143576], [-121.7377711, 37.2140375], [-121.7391567, 37.2152292], [-121.7424216, 37.2180414]]], [[[-121.782579, 37.2653966], [-121.7823667, 37.2650556], [-121.7823755, 37.2649996], [-121.7823024, 37.265007], [-121.7820828, 37.265015], [-121.7819677, 37.2652665], [-121.7818966, 37.2654243], [-121.7819621, 37.2655636], [-121.782191, 37.2656362], [-121.7824946, 37.2655376], [-121.782579, 37.2653966]]], [[[-121.7597649, 37.3960239], [-121.7584581, 37.3956689], [-121.7572225, 37.3954021], [-121.7563114, 37.3955719], [-121.7558365, 37.3964511], [-121.7544774, 37.3970889], [-121.7536406, 37.3973961], [-121.7526552, 37.3980441], [-121.7520206, 37.3983909], [-121.751168, 37.3986862], [-121.7507617, 37.3988605], [-121.7505158, 37.3990473], [-121.7492242, 37.3994719], [-121.7486576, 37.3997907], [-121.7492113, 37.4009938], [-121.7496013, 37.4007985], [-121.7501474, 37.4008498], [-121.7507861, 37.4004317], [-121.7510645, 37.4003488], [-121.7523205, 37.4003754], [-121.7534937, 37.4004942], [-121.7540295, 37.4006259], [-121.754774, 37.4009549], [-121.7552754, 37.4013324], [-121.7562817, 37.4012931], [-121.7573102, 37.4005321], [-121.7569919, 37.3999471], [-121.7563933, 37.3998202], [-121.7555403, 37.3994409], [-121.7557198, 37.399013], [-121.7562709, 37.3987544], [-121.758431, 37.3981878], [-121.7591238, 37.3980033], [-121.7597649, 37.3960239]]]]}}, {"type": "Feature", "properties": {"name": "Sacramento"}, "geometry": {"type": "Polygon", "coordinates": [[[-121.56012, 38.656339], [-121.544054, 38.643344], [-121.53734, 38.631621], [-121.528746, 38.624886], [-121.538914, 38.611868], [-121.542914, 38.598966], [-121.534367, 38.605291], [-121.5085318, 38.5960265], [-121.5205292, 38.5671415], [-121.5119336, 38.5476019], [-121.5222651, 38.5339326], [-121.5292441, 38.5259824], [-121.5370105, 38.5172792], [-121.5589847, 38.4976916], [-121.5435913, 38.4768369], [-121.5121603, 38.473649], [-121.503093, 38.468105], [-121.50188, 38.4621481], [-121.482553, 38.454884], [-121.461311, 38.462307], [-121.447254, 38.455734], [-121.444659, 38.444607], [-121.4315112, 38.4379864], [-121.403173, 38.440097], [-121.4151116, 38.466374], [-121.4180032, 38.4722238], [-121.4397221, 38.4815992], [-121.447402, 38.485161], [-121.4581335, 38.4938677], [-121.472745, 38.502182], [-121.468051, 38.517553], [-121.4713421, 38.5231836], [-121.466589, 38.522524], [-121.462327, 38.526143], [-121.4604334, 38.5394502], [-121.451456, 38.539432], [-121.445786, 38.531874], [-121.455362, 38.53059], [-121.450325, 38.524922], [-121.4419551, 38.5235924], [-121.442031, 38.511718], [-121.437065, 38.507527], [-121.4297328, 38.5039981], [-121.4229638, 38.5042251], [-121.4176528, 38.5032411], [-121.3950028, 38.5033971], [-121.3778518, 38.5042911], [-121.369928, 38.511576], [-121.366327, 38.525258], [-121.380896, 38.5415689], [-121.376087, 38.55429], [-121.382682, 38.564392], [-121.396196, 38.567916], [-121.411736, 38.574536], [-121.420505, 38.579567], [-121.4200028, 38.5941123], [-121.419952, 38.606885], [-121.419788, 38.618196], [-121.410914, 38.626252], [-121.386519, 38.635777], [-121.367319, 38.6421923], [-121.366468, 38.644212], [-121.382008, 38.64102], [-121.386417, 38.643207], [-121.406185, 38.63823], [-121.410678, 38.643509], [-121.415027, 38.658316], [-121.415254, 38.668962], [-121.470723, 38.669925], [-121.479361, 38.67194], [-121.479931, 38.656512], [-121.475479, 38.64597], [-121.477749, 38.642456], [-121.493001, 38.637821], [-121.49248, 38.685213], [-121.540012, 38.685505], [-121.550224, 38.664381], [-121.56012, 38.656339]]]}}, {"type": "Feature", "properties": {"name": "Los Angeles"}, "geometry": {"type": "Polygon", "coordinates": [[[-118.6681798, 34.1849312], [-118.6302677, 34.150372], [-118.5883173, 34.1391358], [-118.570102, 34.0470512], [-118.5148104, 34.0279468], [-118.508217, 34.038091], [-118.4949098, 34.0503404], [-118.4744112, 34.0442185], [-118.4485082, 34.0139536], [-118.4299574, 33.9169949], [-118.4264907, 33.9311432], [-118.37737, 33.9291058], [-118.3787643, 33.9588959], [-118.371616, 33.966852], [-118.330847, 33.967255], [-118.32184, 33.970917], [-118.3089323, 33.9404478], [-118.2980754, 33.8655471], [-118.309318, 33.8508302], [-118.308558, 33.8105552], [-118.3090169, 33.7819506], [-118.311606, 33.763051], [-118.309232, 33.755166], [-118.312174, 33.747302], [-118.319813, 33.742324], [-118.318873, 33.740289], [-118.318566, 33.736405], [-118.319961, 33.73159], [-118.3328155, 33.7222605], [-118.222436, 33.804152], [-118.2239441, 33.8057943], [-118.2991273, 33.797699], [-118.2854223, 33.8607925], [-118.282212, 33.914359], [-118.281047, 33.923199], [-118.269544, 33.923107], [-118.228753, 33.938874], [-118.253598, 33.946552], [-118.239707, 34.0147124], [-118.20534, 34.012816], [-118.192296, 34.023964], [-118.192359, 34.031161], [-118.192448, 34.038715], [-118.192515, 34.049093], [-118.1926, 34.0594815], [-118.172831, 34.061832], [-118.162854, 34.069702], [-118.1605168, 34.0753132], [-118.15645, 34.096312], [-118.168866, 34.117843], [-118.167768, 34.126058], [-118.171116, 34.126482], [-118.18258, 34.129186], [-118.1821002, 34.1433687], [-118.221172, 34.148057], [-118.228791, 34.142699], [-118.235717, 34.128311], [-118.2541609, 34.1188286], [-118.2798275, 34.1554742], [-118.325721, 34.153253], [-118.3531385, 34.161289], [-118.3637962, 34.2011], [-118.29279, 34.2216629], [-118.2660798, 34.2471982], [-118.326914, 34.28606], [-118.3704771, 34.2842627], [-118.382951, 34.29333], [-118.4056, 34.300726], [-118.3964668, 34.3175364], [-118.4170539, 34.3249276], [-118.43121, 34.329886], [-118.492718, 34.330623], [-118.5532002, 34.296523], [-118.5913469, 34.2824454], [-118.6044319, 34.2776629], [-118.6221997, 34.2758083], [-118.6289815, 34.2732963], [-118.6326054, 34.2448393], [-118.6533201, 34.2271137], [-118.657161, 34.192537], [-118.6681798, 34.1849312]], [[-118.4689423, 34.06575], [-118.4689159, 34.0658881], [-118.4684018, 34.066309], [-118.4679823, 34.0666714], [-118.4673686, 34.0671833], [-118.4667431, 34.0677219], [-118.465336, 34.066989], [-118.4649977, 34.0666845], [-118.463723, 34.065537], [-118.4632, 34.065066], [-118.463076, 34.064441], [-118.46292, 34.0636733], [-118.462814, 34.063109], [-118.4611, 34.060046], [-118.4587958, 34.058078], [-118.4555036, 34.0600461], [-118.4550773, 34.0603006], [-118.4559502, 34.0613019], [-118.4595211, 34.0654786], [-118.4594724, 34.0654915], [-118.4548206, 34.0667231], [-118.454774, 34.0663845], [-118.4547484, 34.0662067], [-118.4546852, 34.0659712], [-118.4546043, 34.0657563], [-118.4544718, 34.0654995], [-118.4542561, 34.0651779], [-118.4531133, 34.0638573], [-118.451637, 34.0622312], [-118.4501446, 34.0606175], [-118.4493636, 34.0596363], [-118.4487389, 34.0588248], [-118.4482038, 34.0581525], [-118.4480667, 34.0579499], [-118.4458318, 34.055325], [-118.4491074, 34.0533634], [-118.4483338, 34.0524686], [-118.4484599, 34.0523953], [-118.4491258, 34.0520084], [-118.4481888, 34.0496069], [-118.4486131, 34.0493515], [-118.4518392, 34.0474158], [-118.4522941, 34.0471644], [-118.4525458, 34.0474501], [-118.4541089, 34.0492245], [-118.4554132, 34.0484361], [-118.4565078, 34.0477895], [-118.4566514, 34.047705], [-118.4592131, 34.0506988], [-118.4592959, 34.0507956], [-118.4642991, 34.0566321], [-118.4646559, 34.05705], [-118.4679645, 34.0609234], [-118.4682806, 34.0625663], [-118.4683307, 34.0626533], [-118.4689423, 34.06575]], [[-118.4633816, 33.9810244], [-118.4549481, 33.9863887], [-118.4525543, 33.9857584], [-118.452298, 33.985691], [-118.448941, 33.984809], [-118.4471659, 33.9844631], [-118.4442075, 33.9838864], [-118.4440062, 33.9838482], [-118.4420819, 33.9834815], [-118.4418896, 33.9834562], [-118.4417602, 33.9834391], [-118.4415539, 33.9834169], [-118.4410652, 33.9828313], [-118.4406888, 33.9823786], [-118.4403159, 33.9819652], [-118.4395995, 33.9812383], [-118.4388221, 33.9805054], [-118.4380194, 33.9798148], [-118.4369311, 33.9789732], [-118.4363271, 33.978541], [-118.4357712, 33.9781665], [-118.4359072, 33.978108], [-118.4337559, 33.9766561], [-118.4333985, 33.976357], [-118.4332157, 33.9761908], [-118.4330693, 33.9760619], [-118.4325881, 33.9755568], [-118.4322429, 33.975026], [-118.433521, 33.974301], [-118.433565, 33.974274], [-118.433611, 33.974251], [-118.451301, 33.964231], [-118.45143, 33.964423], [-118.451458, 33.964461], [-118.451482, 33.964501], [-118.451606, 33.964685], [-118.451713, 33.964844], [-118.452251, 33.965644], [-118.4531178, 33.9669202], [-118.4549772, 33.9696892], [-118.454714, 33.9698076], [-118.4586266, 33.9750715], [-118.4614519, 33.9783675], [-118.4618804, 33.9782709], [-118.4619566, 33.9784865], [-118.4619838, 33.9786496], [-118.4620128, 33.9791734], [-118.4620866, 33.9794363], [-118.4621872, 33.9796417], [-118.4633816, 33.9810244]], [[-118.4560419, 34.2849233], [-118.449475, 34.2897018], [-118.4500038, 34.2904201], [-118.448441, 34.2918184], [-118.4454339, 34.294482], [-118.444697, 34.293871], [-118.4435727, 34.294885], [-118.4435824, 34.2950083], [-118.4434357, 34.2951272], [-118.4434633, 34.2951523], [-118.4425594, 34.2959246], [-118.4424796, 34.2958522], [-118.440297, 34.297796], [-118.438821, 34.299112], [-118.4387219, 34.2992033], [-118.4382411, 34.2996307], [-118.4373149, 34.3004544], [-118.436613, 34.30108], [-118.436221, 34.30143], [-118.435836, 34.30177], [-118.4350975, 34.3024316], [-118.4336017, 34.3037658], [-118.432569, 34.304687], [-118.4214137, 34.2943882], [-118.418577, 34.2964634], [-118.4158015, 34.2938437], [-118.418642, 34.2917843], [-118.4186514, 34.2917762], [-118.418646, 34.29177], [-118.4171802, 34.2903962], [-118.4171541, 34.2903716], [-118.4171804, 34.2903524], [-118.4253203, 34.2844029], [-118.4258789, 34.2839945], [-118.4280603, 34.2824005], [-118.4306568, 34.2804917], [-118.4306197, 34.2804547], [-118.4327313, 34.2785032], [-118.4336875, 34.2777914], [-118.4337555, 34.2777407], [-118.4338116, 34.2776949], [-118.4355818, 34.2793479], [-118.4356081, 34.2793727], [-118.4356363, 34.2793522], [-118.4438144, 34.2733942], [-118.4438214, 34.2733896], [-118.4438264, 34.2733948], [-118.4463047, 34.2756848], [-118.4523677, 34.2814394], [-118.4560419, 34.2849233]], [[-118.4483772, 33.9933419], [-118.4433924, 33.9953635], [-118.4284006, 34.0013214], [-118.421088, 34.0043604], [-118.4206194, 34.0108374], [-118.4030595, 34.0184499], [-118.4002603, 34.0208645], [-118.3970616, 34.0237463], [-118.3942101, 34.0255571], [-118.386818, 34.0291306], [-118.3696131, 34.0350911], [-118.3769433, 34.0269719], [-118.3813816, 34.0208483], [-118.3759339, 34.0180825], [-118.3737294, 34.0165904], [-118.3740724, 34.0157154], [-118.3741504, 34.0145144], [-118.3736604, 34.0130294], [-118.3728569, 34.0119182], [-118.367028, 34.0098114], [-118.3650543, 34.0055731], [-118.36239, 34.006584], [-118.361998, 34.0071776], [-118.361405, 34.007816], [-118.3576989, 34.0078471], [-118.3592625, 34.0021323], [-118.358401, 33.9991082], [-118.3570062, 33.9979441], [-118.3565265, 33.9999944], [-118.3557167, 34.0010573], [-118.351824, 34.0044571], [-118.350123, 34.0050806], [-118.3458736, 34.0046214], [-118.3412099, 34.004933], [-118.3390047, 34.0060945], [-118.3376087, 34.0070318], [-118.3368006, 34.0076009], [-118.336335, 34.0078362], [-118.335519, 34.007235], [-118.334267, 34.00511], [-118.333478, 34.004189], [-118.3324512, 34.0033718], [-118.3315369, 34.0015524], [-118.336654, 33.996311], [-118.3372797, 33.9885129], [-118.36009, 33.983039], [-118.362375, 33.983031], [-118.365453, 33.983021], [-118.36926, 33.98301], [-118.370751, 33.983005], [-118.371802, 33.979847], [-118.374402, 33.977177], [-118.377354, 33.976997], [-118.379375, 33.976539], [-118.380514, 33.976358], [-118.3975691, 33.9821866], [-118.4061473, 33.9894732], [-118.4056638, 33.9932236], [-118.4024971, 33.9964601], [-118.400932, 34.0009803], [-118.4027695, 34.0034919], [-118.4161593, 34.000465], [-118.4281829, 33.9965835], [-118.4297682, 33.9898823], [-118.4371279, 33.9953268], [-118.4471803, 33.9908401], [-118.4483772, 33.9933419]], [[-118.427073, 34.0906478], [-118.4231072, 34.090586], [-118.4226882, 34.090667], [-118.4217022, 34.094296], [-118.4143782, 34.094288], [-118.4131092, 34.093439], [-118.4120012, 34.092503], [-118.4116722, 34.093134], [-118.4094512, 34.095964], [-118.4092982, 34.096367], [-118.4090392, 34.097851], [-118.4090452, 34.099109], [-118.4090702, 34.100238], [-118.4073592, 34.101512], [-118.4051762, 34.09718], [-118.4023772, 34.093685], [-118.4019672, 34.093937], [-118.4015802, 34.094184], [-118.4012582, 34.093899], [-118.4009922, 34.101049], [-118.3999162, 34.111029], [-118.3976732, 34.111612], [-118.3961042, 34.111299], [-118.3916154, 34.11245], [-118.3922592, 34.106541], [-118.3965382, 34.096206], [-118.38604, 34.091036], [-118.385038, 34.093558], [-118.376577, 34.09475], [-118.369799, 34.097213], [-118.3667355, 34.0968963], [-118.3433822, 34.0944103], [-118.3450768, 34.0889039], [-118.349644, 34.088938], [-118.353233, 34.087132], [-118.3573466, 34.0871666], [-118.3595714, 34.0871971], [-118.3616583, 34.0872104], [-118.363787, 34.088963], [-118.3669829, 34.0871432], [-118.3701889, 34.0870889], [-118.371723, 34.085449], [-118.373119, 34.0902034], [-118.374328, 34.089706], [-118.3754081, 34.0891397], [-118.37662, 34.083033], [-118.37124, 34.083143], [-118.3731558, 34.0801598], [-118.3751938, 34.0820128], [-118.3764333, 34.0801591], [-118.3770733, 34.078964], [-118.3799414, 34.0764481], [-118.381694, 34.076396], [-118.3835875, 34.0764042], [-118.384837, 34.076464], [-118.3897334, 34.0765007], [-118.3907362, 34.072107], [-118.3874172, 34.072111], [-118.3837961, 34.0720131], [-118.3806052, 34.06972], [-118.3763782, 34.069492], [-118.3756072, 34.069781], [-118.3745412, 34.067867], [-118.3724022, 34.064618], [-118.3760133, 34.0599984], [-118.3783512, 34.062975], [-118.3812922, 34.062967], [-118.3836112, 34.06095], [-118.3862762, 34.057118], [-118.3903302, 34.057109], [-118.3964395, 34.0571188], [-118.4003336, 34.0571734], [-118.4029363, 34.0570561], [-118.4051232, 34.057127], [-118.4059902, 34.055191], [-118.4055995, 34.0541689], [-118.4076888, 34.0548652], [-118.4122689, 34.060171], [-118.4138611, 34.0635105], [-118.4172214, 34.0684473], [-118.4207053, 34.0749434], [-118.4228709, 34.0772015], [-118.4234889, 34.0788466], [-118.4227969, 34.0830902], [-118.4270634, 34.0897216], [-118.427073, 34.0906478]], [[-118.4176011, 34.1071406], [-118.4175337, 34.1079282], [-118.4175336, 34.1080249], [-118.4175325, 34.1093094], [-118.4175146, 34.109305], [-118.417493, 34.1115139], [-118.417477, 34.1125059], [-118.4168702, 34.1125129], [-118.4165693, 34.1125117], [-118.4160335, 34.1125162], [-118.4160567, 34.112387], [-118.4160608, 34.1123442], [-118.4160564, 34.1123039], [-118.416041, 34.1122674], [-118.4160191, 34.1122324], [-118.415989, 34.112201], [-118.4159574, 34.1121671], [-118.4159307, 34.1121369], [-118.4159184, 34.112119], [-118.4159072, 34.1120971], [-118.4158969, 34.1120751], [-118.4158858, 34.1120475], [-118.4158822, 34.1120234], [-118.4158793, 34.1119947], [-118.4139672, 34.1119869], [-118.4139782, 34.1107338], [-118.4117983, 34.1107047], [-118.411823, 34.1088919], [-118.4097519, 34.1088618], [-118.409766, 34.1051549], [-118.4139074, 34.1052138], [-118.4159337, 34.1052032], [-118.4174202, 34.1052152], [-118.4174096, 34.1054099], [-118.4173938, 34.1055259], [-118.4173758, 34.1057294], [-118.4174211, 34.1057336], [-118.4174326, 34.1059194], [-118.4174412, 34.1060806], [-118.4174444, 34.1064011], [-118.4175216, 34.1066825], [-118.4175678, 34.107046], [-118.4176011, 34.1071406]], [[-118.4148593, 33.9842456], [-118.4134869, 33.9851271], [-118.4090582, 33.9813344], [-118.4099841, 33.9809354], [-118.4102192, 33.9813075], [-118.412468, 33.9803351], [-118.4148593, 33.9842456]], [[-118.3620556, 34.1389916], [-118.3608526, 34.1410942], [-118.3608077, 34.142049], [-118.3611819, 34.1427451], [-118.3594175, 34.1427208], [-118.3594157, 34.1431135], [-118.3568549, 34.1431799], [-118.3538721, 34.1430053], [-118.3536009, 34.1429274], [-118.3530291, 34.1428837], [-118.351744, 34.1426946], [-118.3508784, 34.1425049], [-118.3476026, 34.1421314], [-118.3450297, 34.1424844], [-118.3432453, 34.1382254], [-118.3435769, 34.1381352], [-118.3438322, 34.1380658], [-118.3439864, 34.1379207], [-118.3444493, 34.1367977], [-118.3442832, 34.1362177], [-118.3444125, 34.1359576], [-118.3456056, 34.1351311], [-118.345886, 34.1347086], [-118.3465697, 34.134647], [-118.3465267, 34.1343899], [-118.3467, 34.1342235], [-118.3467158, 34.1339223], [-118.3476949, 34.1336423], [-118.3478118, 34.1334716], [-118.3476869, 34.1331017], [-118.3484611, 34.1329145], [-118.3486686, 34.1324733], [-118.3484255, 34.1320024], [-118.3488831, 34.1313572], [-118.3497865, 34.1325208], [-118.3507111, 34.1331903], [-118.3511936, 34.1337215], [-118.3516164, 34.1339852], [-118.3516113, 34.1341374], [-118.3520234, 34.1342047], [-118.3521725, 34.1341488], [-118.3523575, 34.1341648], [-118.3528421, 34.1340545], [-118.3530535, 34.1340294], [-118.3534918, 34.1340505], [-118.3548245, 34.1343535], [-118.3570882, 34.1350967], [-118.3570262, 34.135428], [-118.3573133, 34.1362795], [-118.3574426, 34.1365209], [-118.3576397, 34.136715], [-118.3576315, 34.1371058], [-118.357767, 34.1373289], [-118.3577731, 34.1374907], [-118.3578694, 34.1376663], [-118.357846, 34.1380208], [-118.3589212, 34.138098], [-118.3589153, 34.1386619], [-118.3583552, 34.1386062], [-118.3581652, 34.1385437], [-118.3580179, 34.1384861], [-118.3576541, 34.1382089], [-118.357414, 34.1383725], [-118.356968, 34.1391117], [-118.3572062, 34.1392567], [-118.3575938, 34.1394113], [-118.3580444, 34.1394828], [-118.3581415, 34.1394832], [-118.3581714, 34.1393572], [-118.3598275, 34.1393808], [-118.359824, 34.1387727], [-118.3613124, 34.138777], [-118.3616007, 34.1388176], [-118.3620556, 34.1389916]], [[-118.3584923, 34.0759863], [-118.3575689, 34.0759914], [-118.3575589, 34.0757195], [-118.35849, 34.0757113], [-118.3584923, 34.0759863]], [[-118.3088512, 33.7416315], [-118.304086, 33.7415869], [-118.3041181, 33.7397579], [-118.3022084, 33.7392226], [-118.3022207, 33.7402433], [-118.3034529, 33.7402486], [-118.3034653, 33.7416172], [-118.3017041, 33.7415779], [-118.3017149, 33.7434336], [-118.2994205, 33.7434283], [-118.2993974, 33.7441116], [-118.2980472, 33.7441241], [-118.298058, 33.7434372], [-118.2967796, 33.7434069], [-118.2968274, 33.738702], [-118.3088297, 33.7387623], [-118.3088512, 33.7416315]], [[-118.2993201, 33.8582751], [-118.2970566, 33.8582802], [-118.2970209, 33.8473852], [-118.2992843, 33.8473801], [-118.2993201, 33.8582751]]]}}, {"type": "Feature", "properties": {"name": "San Diego"}, "geometry": {"type": "MultiPolygon", "coordinates": [[[[-117.3098161, 32.7128882], [-117.2053144, 32.6900491], [-117.2027282, 32.7124421], [-117.1801463, 32.7023319], [-117.1420844, 32.6811618], [-117.1138267, 32.5896738], [-117.1055484, 32.5849856], [-117.1012708, 32.5696567], [-117.1188766, 32.5422886], [-116.9750127, 32.5471024], [-117.0224947, 32.5911505], [-117.0841007, 32.5911967], [-117.0924757, 32.6018817], [-117.1182334, 32.6802778], [-117.1056735, 32.6838408], [-117.0953185, 32.6889687], [-117.0801275, 32.6928757], [-117.0663346, 32.6833647], [-117.0585986, 32.6639257], [-117.0247897, 32.6859616], [-117.0194977, 32.7120386], [-117.0302266, 32.7202656], [-117.0406666, 32.7199356], [-117.0496506, 32.7314727], [-117.0581105, 32.7346307], [-117.0491706, 32.7554647], [-117.0406066, 32.7677487], [-117.0488356, 32.7756718], [-117.0421806, 32.7789418], [-117.0380706, 32.7895238], [-117.0060506, 32.7969586], [-117.0384334, 32.8341127], [-117.0104295, 32.8363056], [-117.0225374, 32.8468726], [-117.0131004, 32.8587636], [-117.0067583, 32.8710466], [-116.991389, 32.9424675], [-117.047445, 32.9275157], [-117.0669579, 32.9362348], [-117.0576258, 33.0041103], [-117.0383056, 33.0468101], [-117.0302726, 33.0538501], [-116.9801785, 33.0746581], [-116.9366216, 33.0801491], [-117.0106292, 33.111405], [-117.0219492, 33.0886871], [-117.0351192, 33.0832971], [-117.0379203, 33.0748711], [-117.0429865, 33.0602991], [-117.0680094, 33.0661781], [-117.0822663, 33.0647121], [-117.0989613, 33.0676431], [-117.1176902, 33.0774731], [-117.1202134, 33.0662332], [-117.1182174, 33.0572492], [-117.1183835, 33.0465012], [-117.1127463, 33.0679651], [-117.1233476, 33.0058063], [-117.1524956, 33.0145564], [-117.2041355, 32.9791145], [-117.2495914, 32.9852274], [-117.2593944, 32.9528645], [-117.2603141, 32.9296232], [-117.2532716, 32.8877627], [-117.264377, 32.8491387], [-117.2727694, 32.850329], [-117.2786529, 32.8478242], [-117.281756, 32.8384852], [-117.2774184, 32.8196484], [-117.2729352, 32.8141705], [-117.2538337, 32.780885], [-117.2555029, 32.7452265], [-117.2550327, 32.738184], [-117.2566125, 32.7325797], [-117.2576199, 32.7257687], [-117.2564565, 32.7138979], [-117.3098161, 32.7128882]], [[-117.1167698, 32.8930148], [-117.1167638, 32.8933148], [-117.1167638, 32.8937868], [-117.1167558, 32.8941288], [-117.1167238, 32.8981908], [-117.1165348, 32.8982148], [-117.1163038, 32.8981898], [-117.1123378, 32.8981378], [-117.1074998, 32.8981718], [-117.1075079, 32.8980128], [-117.1074999, 32.8975188], [-117.1074869, 32.8957978], [-117.1076459, 32.8956848], [-117.1080009, 32.8953968], [-117.1088468, 32.8946648], [-117.1089458, 32.8945918], [-117.1090778, 32.8945128], [-117.1092198, 32.8944448], [-117.1093848, 32.8943858], [-117.1113848, 32.8939008], [-117.1135438, 32.8934408], [-117.1138188, 32.8934028], [-117.1143968, 32.8932828], [-117.1145798, 32.8932528], [-117.1146378, 32.8932348], [-117.1148118, 32.8932088], [-117.1149148, 32.8931988], [-117.1148988, 32.8931548], [-117.1147098, 32.8929228], [-117.1151208, 32.8929018], [-117.1153698, 32.8928608], [-117.1157848, 32.8928798], [-117.1164988, 32.8928428], [-117.1167698, 32.8930148]]], [[[-116.9337439, 32.6063244], [-116.9335269, 32.6056564], [-116.9332239, 32.6047274], [-116.9317669, 32.6051354], [-116.9316549, 32.6051674], [-116.9316349, 32.6051274], [-116.9314549, 32.6047674], [-116.9308379, 32.6048144], [-116.9308569, 32.6077124], [-116.9308559, 32.6081574], [-116.9308009, 32.6081544], [-116.9306049, 32.6081634], [-116.9300609, 32.6082144], [-116.9283349, 32.6082414], [-116.9256999, 32.6082254], [-116.9256789, 32.6106194], [-116.9257399, 32.6107284], [-116.9256769, 32.6107904], [-116.9256669, 32.6119784], [-116.9278019, 32.6119704], [-116.9278019, 32.6110704], [-116.9291769, 32.6110984], [-116.9291659, 32.6100964], [-116.9321369, 32.6101064], [-116.9322139, 32.6081974], [-116.9323399, 32.6081974], [-116.9329399, 32.6081974], [-116.9324119, 32.6069964], [-116.9325769, 32.6069794], [-116.9324389, 32.6066584], [-116.9337439, 32.6063244]]], [[[-116.9326599, 32.6491374], [-116.9322449, 32.6486984], [-116.9315119, 32.6491874], [-116.9310599, 32.6494814], [-116.9314569, 32.6499464], [-116.9325859, 32.6491904], [-116.9326599, 32.6491374]]]]}}, {"type": "Feature", "properties": {"name": "Fresno"}, "geometry": {"type": "MultiPolygon", "coordinates": [[[[-119.7546647, 36.7059629], [-119.740336, 36.706849], [-119.721078, 36.707626], [-119.7029837, 36.7075096], [-119.682071, 36.715051], [-119.6595087, 36.7245468], [-119.657646, 36.727223], [-119.66096, 36.7295521], [-119.666133, 36.736882], [-119.66978, 36.743901], [-119.6764345, 36.7521035], [-119.689232, 36.750381], [-119.700355, 36.753903], [-119.6955661, 36.7593693], [-119.6686354, 36.7649335], [-119.6632512, 36.7721509], [-119.6565804, 36.7878184], [-119.6820431, 36.7894004], [-119.718132, 36.794031], [-119.727333, 36.8125328], [-119.7298403, 36.8667576], [-119.7471808, 36.8957185], [-119.766576, 36.89484], [-119.7885498, 36.8894192], [-119.7855113, 36.8808442], [-119.7997167, 36.8715836], [-119.811706, 36.85668], [-119.8140196, 36.8498108], [-119.818635, 36.848092], [-119.8279785, 36.8504006], [-119.833326, 36.849277], [-119.836964, 36.850185], [-119.842793, 36.850322], [-119.843317, 36.856038], [-119.8487537, 36.8580294], [-119.8523549, 36.8518758], [-119.857151, 36.851678], [-119.865965, 36.845343], [-119.874784, 36.853647], [-119.885831, 36.857158], [-119.8888842, 36.8520654], [-119.8959511, 36.8525341], [-119.9040241, 36.851553], [-119.9095972, 36.8461023], [-119.9184864, 36.8451211], [-119.9260393, 36.8481238], [-119.9326886, 36.8442788], [-119.9165473, 36.8258594], [-119.9165201, 36.8151885], [-119.9162531, 36.7789176], [-119.8893106, 36.7907712], [-119.8796707, 36.7863166], [-119.865138, 36.78636], [-119.873842, 36.7775479], [-119.889258, 36.771747], [-119.8892863, 36.7696932], [-119.8928627, 36.7579087], [-119.880247, 36.761703], [-119.8600978, 36.7719287], [-119.8468088, 36.7682578], [-119.8443224, 36.7574345], [-119.8423537, 36.7463925], [-119.8443868, 36.7284099], [-119.804832, 36.71411], [-119.799801, 36.708861], [-119.80954, 36.694024], [-119.804001, 36.692017], [-119.798929, 36.689264], [-119.781734, 36.692146], [-119.773637, 36.686647], [-119.764591, 36.687103], [-119.751107, 36.670673], [-119.736716, 36.673912], [-119.750196, 36.677916], [-119.75183, 36.687031], [-119.74562, 36.700892], [-119.754673, 36.700534], [-119.7546647, 36.7059629]], [[-119.874893, 36.845786], [-119.874816, 36.845712], [-119.874738, 36.845638], [-119.874687, 36.845589], [-119.874391, 36.845235], [-119.874043, 36.844818], [-119.872942, 36.843531], [-119.8723663, 36.8429441], [-119.8727505, 36.842969], [-119.873175, 36.8429965], [-119.8745884, 36.8430742], [-119.874711, 36.8430795], [-119.8747363, 36.843619], [-119.8747465, 36.843734], [-119.874757, 36.843849], [-119.874784, 36.844147], [-119.874805, 36.844474], [-119.874833, 36.844883], [-119.874863, 36.845334], [-119.874871, 36.845458], [-119.874893, 36.845786]], [[-119.874586, 36.8408352], [-119.8745076, 36.8408584], [-119.8745142, 36.8409508], [-119.874503, 36.8411696], [-119.8745284, 36.8418995], [-119.8745331, 36.8420269], [-119.874572, 36.842621], [-119.874216, 36.842349], [-119.872913, 36.841413], [-119.872479, 36.841102], [-119.872337, 36.840999], [-119.871912, 36.84069], [-119.871771, 36.840587], [-119.871743, 36.840567], [-119.87166, 36.840507], [-119.871633, 36.840487], [-119.871608, 36.840469], [-119.871533, 36.840415], [-119.871509, 36.840397], [-119.871481, 36.840376], [-119.871397, 36.840315], [-119.871369, 36.840295], [-119.871133, 36.840125], [-119.870425, 36.839616], [-119.87019, 36.839447], [-119.870253, 36.839399], [-119.870402, 36.839264], [-119.870644, 36.839046], [-119.870802, 36.838891], [-119.870971, 36.838771], [-119.871047, 36.838729], [-119.871106, 36.838697], [-119.871277, 36.838621], [-119.871303, 36.838616], [-119.871498, 36.838583], [-119.87154, 36.838582], [-119.87178, 36.838577], [-119.871947, 36.838575], [-119.87389, 36.838555], [-119.8745468, 36.838552], [-119.87454, 36.838796], [-119.874545, 36.839182], [-119.874549, 36.839537], [-119.874552, 36.839785], [-119.874558, 36.840016], [-119.874586, 36.8408352]], [[-119.8705624, 36.8417314], [-119.8705152, 36.8417616], [-119.8704499, 36.8417792], [-119.869637, 36.841762], [-119.868455, 36.841761], [-119.868225, 36.841768], [-119.868032, 36.841792], [-119.866754, 36.842052], [-119.8656596, 36.842283], [-119.8656062, 36.8410018], [-119.8655721, 36.839879], [-119.8655077, 36.838438], [-119.8659135, 36.8384869], [-119.8660259, 36.8385101], [-119.8661341, 36.8385368], [-119.866202, 36.838564], [-119.866237, 36.838585], [-119.866284, 36.838615], [-119.866384, 36.838677], [-119.866487, 36.838747], [-119.866793, 36.838956], [-119.866857, 36.839015], [-119.866909, 36.839047], [-119.866971, 36.839108], [-119.867051, 36.839169], [-119.867069, 36.839179], [-119.867103, 36.839197], [-119.867264, 36.839323], [-119.867517, 36.839508], [-119.868279, 36.840063], [-119.868533, 36.840249], [-119.868948, 36.840548], [-119.870193, 36.841448], [-119.8705624, 36.8417314]], [[-119.862393, 36.84426], [-119.862315, 36.844302], [-119.862084, 36.844428], [-119.862007, 36.844471], [-119.86143, 36.844806], [-119.859703, 36.845812], [-119.859127, 36.846148], [-119.858798, 36.84635], [-119.858764, 36.846369], [-119.858534, 36.8465], [-119.858068, 36.846754], [-119.857797, 36.846923], [-119.857667, 36.847015], [-119.857634, 36.847039], [-119.85736, 36.847253], [-119.857329, 36.847271], [-119.857208, 36.847431], [-119.8562391, 36.8470651], [-119.8561872, 36.8471454], [-119.8565747, 36.8473575], [-119.8566138, 36.8474846], [-119.8563823, 36.8478104], [-119.8558419, 36.8482999], [-119.8556356, 36.8484966], [-119.855543, 36.848758], [-119.855337, 36.849038], [-119.8543141, 36.8497117], [-119.8538056, 36.8493841], [-119.8538962, 36.8489826], [-119.8542124, 36.8481478], [-119.854333, 36.847849], [-119.854733, 36.8472149], [-119.85437, 36.847216], [-119.853903, 36.847077], [-119.8525935, 36.8469095], [-119.8529863, 36.8458862], [-119.853662, 36.8459544], [-119.8540086, 36.8461684], [-119.8539344, 36.8467004], [-119.8540229, 36.8469527], [-119.8543456, 36.8470697], [-119.8548578, 36.8470856], [-119.8551111, 36.8467111], [-119.8550999, 36.8456364], [-119.85502, 36.845286], [-119.8545842, 36.8434207], [-119.8533638, 36.8435125], [-119.8525192, 36.8440794], [-119.8523423, 36.8445047], [-119.8525037, 36.845158], [-119.8522442, 36.8457082], [-119.8511415, 36.847486], [-119.8511209, 36.8479], [-119.8508586, 36.8486782], [-119.850068, 36.848468], [-119.847713, 36.8472211], [-119.847687, 36.84695], [-119.847596, 36.844987], [-119.847566, 36.844333], [-119.847565, 36.84428], [-119.847562, 36.844124], [-119.847561, 36.844072], [-119.847559, 36.844001], [-119.847556, 36.843788], [-119.847555, 36.843718], [-119.847547, 36.843231], [-119.847526, 36.841773], [-119.847519, 36.841287], [-119.849322, 36.841309], [-119.854198, 36.84137], [-119.854732, 36.841375], [-119.85574, 36.841387], [-119.856535, 36.84141], [-119.856536, 36.841521], [-119.856539, 36.841857], [-119.856541, 36.841969], [-119.856544, 36.84215], [-119.856689, 36.8423991], [-119.8572749, 36.8423992], [-119.8588173, 36.8423995], [-119.8588615, 36.8434485], [-119.858876, 36.8440567], [-119.8588714, 36.8441804], [-119.859012, 36.844159], [-119.85954, 36.84416], [-119.859717, 36.844161], [-119.859717, 36.844149], [-119.859717, 36.844116], [-119.859717, 36.844105], [-119.860252, 36.844136], [-119.861857, 36.844229], [-119.862375, 36.844259], [-119.862393, 36.84426]], [[-119.847527, 36.839928], [-119.847526, 36.840098], [-119.847523, 36.840608], [-119.847523, 36.840779], [-119.846604, 36.840787], [-119.843851, 36.840813], [-119.842933, 36.840822], [-119.84272, 36.840821], [-119.842083, 36.840818], [-119.841871, 36.840817], [-119.841652, 36.840818], [-119.840812, 36.8408367], [-119.840031, 36.840829], [-119.838516, 36.840837], [-119.837786, 36.840837], [-119.837038, 36.840838], [-119.836703, 36.840835], [-119.8357, 36.840829], [-119.835366, 36.840827], [-119.835366, 36.84066], [-119.835368, 36.840162], [-119.835369, 36.839996], [-119.835366, 36.839854], [-119.835357, 36.839428], [-119.835355, 36.839286], [-119.835689, 36.839244], [-119.836691, 36.839122], [-119.837026, 36.839081], [-119.837087, 36.839038], [-119.837178, 36.83905], [-119.837406, 36.839053], [-119.837596, 36.839052], [-119.838476, 36.83905], [-119.839349, 36.839044], [-119.839934, 36.83904], [-119.839931, 36.838972], [-119.839922, 36.838769], [-119.83992, 36.838702], [-119.83992, 36.838602], [-119.8399185, 36.8382452], [-119.8413834, 36.838247], [-119.8418932, 36.8382039], [-119.8419908, 36.8381112], [-119.8421761, 36.8379523], [-119.8427653, 36.8377236], [-119.8430422, 36.8376581], [-119.8437297, 36.8376294], [-119.843858, 36.8376024], [-119.8439176, 36.8375737], [-119.844081, 36.837467], [-119.844179, 36.837463], [-119.8453191, 36.8374618], [-119.845309, 36.838798], [-119.845288, 36.839377], [-119.845285, 36.839469], [-119.8456957, 36.839469], [-119.8459468, 36.839469], [-119.8465475, 36.839469], [-119.8466115, 36.839469], [-119.8466481, 36.8394691], [-119.846931, 36.839469], [-119.8473045, 36.8394679], [-119.847511, 36.83947], [-119.847514, 36.839561], [-119.847523, 36.839836], [-119.847527, 36.839928]], [[-119.84452, 36.810486], [-119.844395, 36.811407], [-119.844392, 36.812225], [-119.844374, 36.813088], [-119.844374, 36.814034], [-119.8364769, 36.8154957], [-119.835368, 36.81487], [-119.836497, 36.819115], [-119.840993, 36.819285], [-119.841108, 36.820038], [-119.841827, 36.820043], [-119.84267, 36.820041], [-119.842846, 36.820041], [-119.842799, 36.820565], [-119.84279, 36.821467], [-119.84268, 36.82252], [-119.84245, 36.822726], [-119.841614, 36.822733], [-119.841603, 36.823743], [-119.841523, 36.824749], [-119.841508, 36.825228], [-119.8415239, 36.825898], [-119.841768, 36.825898], [-119.841235, 36.826388], [-119.840073, 36.826347], [-119.839359, 36.827246], [-119.838309, 36.827244], [-119.837233, 36.827244], [-119.835597, 36.827226], [-119.835589, 36.826143], [-119.835631, 36.825219], [-119.835633, 36.823972], [-119.834916, 36.823968], [-119.833083, 36.823956], [-119.832555, 36.823126], [-119.833264, 36.821443], [-119.833094, 36.820618], [-119.833093, 36.819546], [-119.830847, 36.819575], [-119.830834, 36.819081], [-119.830829, 36.818543], [-119.8308187, 36.8164849], [-119.830826, 36.816107], [-119.830825, 36.814728], [-119.830837, 36.814188], [-119.830836, 36.813386], [-119.830837, 36.813073], [-119.830835, 36.812508], [-119.830842, 36.811405], [-119.830845, 36.8106246], [-119.830862, 36.810189], [-119.830655, 36.809504], [-119.830531, 36.809246], [-119.83076, 36.809406], [-119.832037, 36.809035], [-119.832476, 36.809117], [-119.8327, 36.809116], [-119.833806, 36.809527], [-119.835456, 36.809881], [-119.836209, 36.810645], [-119.837381, 36.809828], [-119.839185, 36.810053], [-119.839714, 36.809234], [-119.839843, 36.809614], [-119.840857, 36.809623], [-119.841735, 36.809621], [-119.842775, 36.810492], [-119.84402, 36.810446], [-119.844294, 36.810432], [-119.84452, 36.810486]], [[-119.839978, 36.837191], [-119.8353694, 36.8371961], [-119.8353529, 36.8354062], [-119.8330996, 36.8354176], [-119.8330575, 36.8345403], [-119.8318135, 36.8345468], [-119.8318053, 36.835094], [-119.8308018, 36.8350912], [-119.8308039, 36.8308919], [-119.8299145, 36.8308983], [-119.8299164, 36.8300166], [-119.8218426, 36.8300395], [-119.8218641, 36.8336441], [-119.8173699, 36.8336701], [-119.8173783, 36.8300256], [-119.8106198, 36.8300439], [-119.810487, 36.8264779], [-119.8094433, 36.8265009], [-119.8094277, 36.8260592], [-119.8092446, 36.8259369], [-119.8089728, 36.8259425], [-119.808975, 36.8251743], [-119.8088013, 36.8251386], [-119.808819, 36.8247531], [-119.8095463, 36.8247426], [-119.8095236, 36.8239238], [-119.8106253, 36.8239116], [-119.8106221, 36.8234794], [-119.8111809, 36.8234745], [-119.8112124, 36.8237588], [-119.8118213, 36.8237519], [-119.8118225, 36.8246685], [-119.8173313, 36.8246328], [-119.8173517, 36.8223205], [-119.8150933, 36.8223518], [-119.8151027, 36.8210239], [-119.8128359, 36.8210316], [-119.8128484, 36.8228058], [-119.811474, 36.822834], [-119.8095773, 36.8228317], [-119.8095755, 36.8215077], [-119.8088162, 36.8215077], [-119.8088277, 36.8210596], [-119.8089771, 36.8210647], [-119.8090094, 36.8201933], [-119.8091811, 36.8201879], [-119.8091883, 36.8198702], [-119.8095384, 36.8198681], [-119.8095425, 36.8197194], [-119.8102731, 36.8197336], [-119.8102922, 36.8192229], [-119.8150999, 36.8191888], [-119.8151097, 36.8155601], [-119.8091537, 36.815589], [-119.8091384, 36.8151215], [-119.8090552, 36.8151237], [-119.8090262, 36.8147375], [-119.8090356, 36.8138356], [-119.808393, 36.8138394], [-119.808409, 36.811991], [-119.809541, 36.8119851], [-119.8095279, 36.8102169], [-119.8095326, 36.809692], [-119.8098447, 36.8093316], [-119.8106575, 36.8093149], [-119.811791, 36.8093105], [-119.8117858, 36.8089219], [-119.8143833, 36.8088667], [-119.8143727, 36.8092986], [-119.8151478, 36.8092846], [-119.8151394, 36.811962], [-119.8174516, 36.8119625], [-119.8174892, 36.8088037], [-119.8218707, 36.8088354], [-119.8218605, 36.8096057], [-119.8230304, 36.8095811], [-119.8230348, 36.8118831], [-119.826383, 36.811886], [-119.8263752, 36.814848], [-119.8257847, 36.8148417], [-119.8257883, 36.8151182], [-119.8263763, 36.8151176], [-119.826381, 36.815517], [-119.8240556, 36.8155075], [-119.8241115, 36.8223138], [-119.8246917, 36.8223099], [-119.8246834, 36.8227393], [-119.8245427, 36.8227406], [-119.8245568, 36.8237552], [-119.8263651, 36.8237463], [-119.8263759, 36.8267927], [-119.8285504, 36.8267892], [-119.8285554, 36.8260649], [-119.8292433, 36.8260643], [-119.8292383, 36.8255647], [-119.829888, 36.8255649], [-119.8298896, 36.8247982], [-119.8308061, 36.8247866], [-119.8308038, 36.8241487], [-119.8320128, 36.8241415], [-119.8320096, 36.8245792], [-119.8352765, 36.8245871], [-119.8352151, 36.8272468], [-119.8353153, 36.8272418], [-119.8353028, 36.829045], [-119.8398993, 36.8290738], [-119.839978, 36.837191]], [[-119.820129, 36.847363], [-119.81953, 36.847509], [-119.818808, 36.847642], [-119.818158, 36.847893], [-119.8132483, 36.8497677], [-119.813236, 36.8491], [-119.81476, 36.847963], [-119.816733, 36.846946], [-119.816998, 36.846875], [-119.818106, 36.846581], [-119.818195, 36.846538], [-119.81833, 36.846467], [-119.818997, 36.846116], [-119.819042, 36.846093], [-119.819224, 36.846006], [-119.819779, 36.845681], [-119.819932, 36.845592], [-119.820125, 36.847335], [-119.820129, 36.847363]], [[-119.817497, 36.7930172], [-119.8152148, 36.7942833], [-119.8174865, 36.7952613], [-119.8168177, 36.8061364], [-119.8162986, 36.8066159], [-119.8157813, 36.8065256], [-119.8151978, 36.8065306], [-119.8137331, 36.8072393], [-119.812931, 36.807206], [-119.8106896, 36.8082282], [-119.8084694, 36.8066554], [-119.8064029, 36.8084092], [-119.8050966, 36.8111176], [-119.8017315, 36.8112269], [-119.8015671, 36.8112458], [-119.8016733, 36.8138274], [-119.8077445, 36.8147084], [-119.8078228, 36.8151394], [-119.8061866, 36.8165702], [-119.8077713, 36.8168634], [-119.8077417, 36.8219268], [-119.8076131, 36.8246969], [-119.8075668, 36.8256089], [-119.8038586, 36.8264798], [-119.7992668, 36.828802], [-119.7936448, 36.8300896], [-119.7914844, 36.8261598], [-119.7914425, 36.8250396], [-119.79257, 36.825101], [-119.7953706, 36.8247713], [-119.7976996, 36.8243149], [-119.7993187, 36.8238432], [-119.800956, 36.8219278], [-119.7993399, 36.8210782], [-119.80052, 36.8156386], [-119.8005084, 36.8149761], [-119.7994486, 36.8145334], [-119.7993627, 36.8149983], [-119.7948879, 36.8130081], [-119.7972005, 36.8121598], [-119.7979202, 36.8120977], [-119.799396, 36.8114404], [-119.798877, 36.8102841], [-119.7933224, 36.8084965], [-119.7927376, 36.8074426], [-119.7911315, 36.8017163], [-119.7916183, 36.8005404], [-119.793859, 36.800862], [-119.7931446, 36.7995093], [-119.7938611, 36.7985636], [-119.7927527, 36.7959048], [-119.7917077, 36.7953237], [-119.7924102, 36.7940388], [-119.792857, 36.7936915], [-119.795021, 36.794765], [-119.7982371, 36.795782], [-119.802361, 36.7903337], [-119.8028465, 36.7885095], [-119.80405, 36.7867951], [-119.8047274, 36.7848724], [-119.8083737, 36.7865294], [-119.8107141, 36.7883266], [-119.8130353, 36.7909731], [-119.817497, 36.7930172]], [[-119.808318, 36.834196], [-119.808308, 36.834578], [-119.808304, 36.834784], [-119.808306, 36.834844], [-119.8083, 36.834922], [-119.807997, 36.834923], [-119.80709, 36.834928], [-119.806788, 36.83493], [-119.806291, 36.834932], [-119.804799, 36.834938], [-119.804303, 36.83494], [-119.803829, 36.834962], [-119.80384, 36.834901], [-119.80403, 36.833854], [-119.803488, 36.833901], [-119.802954, 36.833949], [-119.802483, 36.833949], [-119.801363, 36.83395], [-119.801417, 36.833662], [-119.801505, 36.8332], [-119.801522, 36.832723], [-119.801537, 36.832353], [-119.801156, 36.832349], [-119.801189, 36.831671], [-119.801193, 36.831602], [-119.8016, 36.831588], [-119.801815, 36.831583], [-119.802461, 36.83157], [-119.802677, 36.831566], [-119.802901, 36.831551], [-119.803574, 36.831509], [-119.803799, 36.831495], [-119.804521, 36.831498], [-119.805985, 36.831506], [-119.805983, 36.8308], [-119.805982, 36.830077], [-119.806092, 36.830072], [-119.806425, 36.830073], [-119.806536, 36.830074], [-119.806889, 36.830074], [-119.80795, 36.830075], [-119.808304, 36.830076], [-119.808305, 36.830244], [-119.80831, 36.83075], [-119.808312, 36.830841], [-119.808316, 36.830919], [-119.808315, 36.831325], [-119.808314, 36.832543], [-119.808314, 36.83295], [-119.808314, 36.833], [-119.808314, 36.833152], [-119.808314, 36.833166], [-119.808307, 36.833202], [-119.80831, 36.833546], [-119.808316, 36.834025], [-119.808318, 36.834196]], [[-119.79142, 36.803103], [-119.791329, 36.803104], [-119.791059, 36.803107], [-119.790969, 36.803109], [-119.790966, 36.802896], [-119.790963, 36.802485], [-119.791187, 36.80247], [-119.791399, 36.802456], [-119.791403, 36.802585], [-119.791415, 36.802973], [-119.79142, 36.803103]], [[-119.7546647, 36.7059629], [-119.754685, 36.705957], [-119.758564, 36.705961], [-119.7585642, 36.7033726], [-119.759669, 36.70339], [-119.7598025, 36.7035319], [-119.763091, 36.706834], [-119.7630614, 36.7071419], [-119.7632448, 36.707177], [-119.763378, 36.7072247], [-119.7634863, 36.7072895], [-119.763562, 36.707359], [-119.76362, 36.7074206], [-119.763679, 36.7075314], [-119.7637113, 36.7076431], [-119.76366, 36.712709], [-119.762025, 36.712713], [-119.762023, 36.713319], [-119.761346, 36.713319], [-119.7613563, 36.7136913], [-119.76367, 36.713692], [-119.7636589, 36.714146], [-119.771927, 36.714164], [-119.771802, 36.714873], [-119.771893, 36.715557], [-119.7721308, 36.7167666], [-119.772082, 36.719738], [-119.771995, 36.719781], [-119.7669261, 36.7197663], [-119.766851, 36.71869], [-119.7636489, 36.7187352], [-119.763656, 36.717759], [-119.7586933, 36.7177933], [-119.7588277, 36.71788], [-119.7590023, 36.7180571], [-119.7590777, 36.7181834], [-119.7591252, 36.7183225], [-119.7591424, 36.7185168], [-119.759123, 36.720339], [-119.758524, 36.720434], [-119.758462, 36.719511], [-119.756895, 36.71953], [-119.7568679, 36.7214171], [-119.7530903, 36.7214266], [-119.753109, 36.717736], [-119.754663, 36.717752], [-119.7547185, 36.7141423], [-119.7585449, 36.7141816], [-119.7585479, 36.712116], [-119.755924, 36.712126], [-119.754686, 36.712124], [-119.7546687, 36.7071185], [-119.7546647, 36.7059629]], [[-119.771086, 36.772269], [-119.767884, 36.773029], [-119.7679212, 36.775543], [-119.764244, 36.775757], [-119.763692, 36.77553], [-119.763693, 36.773764], [-119.763691, 36.773272], [-119.763689, 36.772817], [-119.763109, 36.772298], [-119.759785, 36.772302], [-119.755473, 36.771689], [-119.755205, 36.771286], [-119.754457, 36.770419], [-119.7534449, 36.7686658], [-119.749941, 36.768897], [-119.749919, 36.770128], [-119.751276, 36.770497], [-119.752403, 36.771488], [-119.753361, 36.771298], [-119.75445, 36.771614], [-119.753272, 36.772322], [-119.752921, 36.772583], [-119.754444, 36.774471], [-119.753672, 36.775963], [-119.751844, 36.775959], [-119.752133, 36.777792], [-119.752762, 36.778443], [-119.750796, 36.779593], [-119.749975, 36.778671], [-119.748403, 36.778642], [-119.747569, 36.778462], [-119.745333, 36.777554], [-119.745283, 36.775903], [-119.741249, 36.775888], [-119.740792, 36.776851], [-119.740807, 36.777706], [-119.740798, 36.778447], [-119.738992, 36.779515], [-119.738528, 36.780639], [-119.736723, 36.781331], [-119.736277, 36.780537], [-119.736573, 36.78028], [-119.736258, 36.779496], [-119.732607, 36.779076], [-119.7316819, 36.7781213], [-119.731704, 36.777316], [-119.731727, 36.776003], [-119.7317572, 36.7722312], [-119.740587, 36.772251], [-119.743312, 36.772262], [-119.745266, 36.772271], [-119.745367, 36.77132], [-119.745383, 36.769089], [-119.745397, 36.768246], [-119.747889, 36.767871], [-119.747885, 36.766981], [-119.747735, 36.766326], [-119.752832, 36.765589], [-119.75324, 36.766065], [-119.754037, 36.766219], [-119.754929, 36.7662], [-119.755625, 36.765735], [-119.75636, 36.7651], [-119.756901, 36.765071], [-119.760762, 36.765052], [-119.762711, 36.765565], [-119.763672, 36.765855], [-119.764453, 36.765825], [-119.764964, 36.76639], [-119.766118, 36.766297], [-119.770824, 36.768318], [-119.770437, 36.770741], [-119.770638, 36.771147], [-119.771086, 36.772269]], [[-119.765741, 36.881212], [-119.765141, 36.88119], [-119.763341, 36.881125], [-119.762741, 36.881104], [-119.761534, 36.881087], [-119.757913, 36.881036], [-119.756706, 36.88102], [-119.756706, 36.880942], [-119.756709, 36.880709], [-119.756711, 36.880632], [-119.756679, 36.880574], [-119.756676, 36.880506], [-119.756677, 36.880432], [-119.756691, 36.879808], [-119.756696, 36.8796], [-119.756699, 36.879388], [-119.756711, 36.878753], [-119.756715, 36.878542], [-119.756714, 36.878336], [-119.756714, 36.877721], [-119.756714, 36.877516], [-119.756745, 36.877506], [-119.757217, 36.877504], [-119.758082, 36.877503], [-119.758731, 36.877505], [-119.759236, 36.877507], [-119.759613, 36.877502], [-119.760746, 36.877491], [-119.761124, 36.877488], [-119.761399, 36.877488], [-119.762226, 36.877488], [-119.762502, 36.877489], [-119.762699, 36.877481], [-119.763147, 36.877494], [-119.763899, 36.877516], [-119.765085, 36.877501], [-119.765732, 36.877493], [-119.765732, 36.878123], [-119.765733, 36.880016], [-119.765734, 36.880647], [-119.765736, 36.88072], [-119.765741, 36.881212]], [[-119.738764, 36.841867], [-119.738753, 36.842896], [-119.738761, 36.844263], [-119.7387553, 36.8447958], [-119.7364039, 36.8447889], [-119.7363859, 36.8463017], [-119.7350755, 36.8462834], [-119.7341677, 36.846282], [-119.7342123, 36.8447957], [-119.733157, 36.844819], [-119.733109, 36.8455008], [-119.7330676, 36.8466377], [-119.7320408, 36.8466237], [-119.7320279, 36.8457316], [-119.7308979, 36.8457163], [-119.7308581, 36.8448112], [-119.7319814, 36.8447988], [-119.7319378, 36.8412094], [-119.733101, 36.841202], [-119.738677, 36.841255], [-119.738738, 36.84147], [-119.738764, 36.841867]], [[-119.7318747, 36.754465], [-119.731836, 36.755904], [-119.7307843, 36.7568263], [-119.7301323, 36.7563817], [-119.7296084, 36.7558824], [-119.7273092, 36.7567742], [-119.727299, 36.75748], [-119.726381, 36.757483], [-119.726152, 36.75748], [-119.723588, 36.757482], [-119.722954, 36.757162], [-119.722983, 36.755877], [-119.723276, 36.755873], [-119.7233372, 36.7554514], [-119.7253186, 36.7539341], [-119.7242489, 36.7537367], [-119.7233004, 36.7529914], [-119.7227372, 36.7504787], [-119.722099, 36.750438], [-119.720703, 36.750431], [-119.720039, 36.750427], [-119.718243, 36.750423], [-119.718238, 36.751142], [-119.718242, 36.751503], [-119.7182613, 36.7522492], [-119.7176803, 36.752953], [-119.717152, 36.753732], [-119.717149, 36.753975], [-119.71646, 36.754041], [-119.713704, 36.754058], [-119.7137349, 36.7558674], [-119.716107, 36.755854], [-119.7182775, 36.7563271], [-119.716089, 36.7564144], [-119.713662, 36.757455], [-119.712427, 36.757452], [-119.709207, 36.757443], [-119.709212, 36.757246], [-119.709204, 36.75646], [-119.709196, 36.755781], [-119.709193, 36.755445], [-119.70919, 36.754778], [-119.709182, 36.75409], [-119.709176, 36.753745], [-119.709168, 36.753223], [-119.709168, 36.752888], [-119.709173, 36.752402], [-119.709173, 36.752059], [-119.709177, 36.751335], [-119.7091588, 36.7505043], [-119.7155472, 36.7499835], [-119.7160219, 36.7469196], [-119.7205306, 36.7469099], [-119.723224, 36.746941], [-119.725024, 36.746931], [-119.726868, 36.746953], [-119.727332, 36.746919], [-119.727337, 36.7468], [-119.727339, 36.746588], [-119.727347, 36.745901], [-119.7281896, 36.7463206], [-119.7288494, 36.7467589], [-119.729602, 36.746868], [-119.729596, 36.746949], [-119.7301485, 36.7473712], [-119.7305699, 36.7477371], [-119.7318506, 36.7473664], [-119.731867, 36.747637], [-119.731861, 36.74792], [-119.731857, 36.748625], [-119.731854, 36.749275], [-119.731846, 36.749516], [-119.731847, 36.750247], [-119.73185, 36.750614], [-119.731847, 36.751166], [-119.73184, 36.751533], [-119.731844, 36.752626], [-119.7318182, 36.7538888], [-119.7318747, 36.754465]], [[-119.731864, 36.721598], [-119.727452, 36.721837], [-119.727456, 36.724289], [-119.727456, 36.72436], [-119.726853, 36.724356], [-119.725684, 36.72435], [-119.725045, 36.724349], [-119.724443, 36.724349], [-119.723427, 36.724347], [-119.7216916, 36.7243488], [-119.7217117, 36.7220647], [-119.7229506, 36.7219977], [-119.72298, 36.720439], [-119.723077, 36.717735], [-119.725197, 36.717694], [-119.7256223, 36.7176863], [-119.725916, 36.717681], [-119.726806, 36.717664], [-119.726936, 36.717665], [-119.7269917, 36.7176659], [-119.727329, 36.717671], [-119.72746, 36.717673], [-119.72832, 36.717693], [-119.730904, 36.717754], [-119.731765, 36.717775], [-119.731772, 36.717964], [-119.731793, 36.718531], [-119.731801, 36.718721], [-119.731814, 36.719297], [-119.731854, 36.721025], [-119.731864, 36.721598]], [[-119.7264256, 36.7395823], [-119.7263786, 36.743137], [-119.7228527, 36.7431415], [-119.7194604, 36.7431261], [-119.7194853, 36.7424344], [-119.7205736, 36.7424403], [-119.720579, 36.741601], [-119.718332, 36.7415953], [-119.71832, 36.74054], [-119.7183029, 36.7395334], [-119.7206206, 36.7395127], [-119.7225627, 36.7395267], [-119.72292, 36.7395526], [-119.7264256, 36.7395823]], [[-119.7167134, 36.7406281], [-119.7166983, 36.7410855], [-119.7160183, 36.7410694], [-119.7160397, 36.7419845], [-119.7165796, 36.7419509], [-119.7165659, 36.7421801], [-119.7164967, 36.7425799], [-119.716216, 36.7427392], [-119.7160316, 36.7427373], [-119.716017, 36.743143], [-119.716016, 36.743469], [-119.716017, 36.744365], [-119.7160173, 36.7467563], [-119.7159877, 36.7468043], [-119.7137261, 36.7468035], [-119.7137338, 36.7501786], [-119.7114734, 36.7501947], [-119.7114227, 36.7491551], [-119.7091797, 36.7491508], [-119.7091614, 36.7504136], [-119.706912, 36.7504215], [-119.7069184, 36.7499899], [-119.7060942, 36.7499937], [-119.7060799, 36.750428], [-119.704646, 36.750425], [-119.7015496, 36.7504226], [-119.7015523, 36.7499564], [-119.7011312, 36.7499511], [-119.7011536, 36.7495418], [-119.7007668, 36.7495439], [-119.7007605, 36.7477336], [-119.7004348, 36.7477439], [-119.7004759, 36.7476719], [-119.7005413, 36.7475685], [-119.7008635, 36.7472848], [-119.7011653, 36.7471114], [-119.7014984, 36.7469775], [-119.7018365, 36.7468706], [-119.7046449, 36.7468795], [-119.7069403, 36.7468672], [-119.7069675, 36.7458996], [-119.7053281, 36.7458869], [-119.7056474, 36.745016], [-119.7056356, 36.743192], [-119.7065894, 36.7431886], [-119.7065999, 36.7440136], [-119.7072754, 36.7439911], [-119.7072729, 36.7431904], [-119.7092148, 36.7431736], [-119.7092772, 36.7410769], [-119.7092774, 36.7410559], [-119.709285, 36.7404483], [-119.7093395, 36.7404529], [-119.7104015, 36.7404546], [-119.7105411, 36.7404548], [-119.7105429, 36.7402626], [-119.7107446, 36.7402629], [-119.7114311, 36.740264], [-119.7114652, 36.740264], [-119.7115384, 36.7402629], [-119.7115403, 36.7401252], [-119.7116033, 36.7401263], [-119.711987, 36.740122], [-119.7126836, 36.7401284], [-119.7126944, 36.7400531], [-119.7137761, 36.7400675], [-119.713783, 36.739615], [-119.71379, 36.739521], [-119.7138171, 36.739521], [-119.714013, 36.739521], [-119.714372, 36.739522], [-119.7143867, 36.7398357], [-119.7149083, 36.7398462], [-119.7149116, 36.7409242], [-119.7153836, 36.7409193], [-119.7153772, 36.7402802], [-119.7160209, 36.740274], [-119.7160667, 36.7406159], [-119.7167134, 36.7406281]], [[-119.712721, 36.7387393], [-119.7104555, 36.7384826], [-119.70854, 36.7395315], [-119.70783, 36.740305], [-119.707473, 36.74031], [-119.706138, 36.740283], [-119.706172, 36.739518], [-119.703235, 36.739291], [-119.703362, 36.739187], [-119.70401, 36.738616], [-119.703603, 36.738384], [-119.70289, 36.738408], [-119.701017, 36.738445], [-119.700822, 36.737908], [-119.701186, 36.737775], [-119.701265, 36.736503], [-119.7000364, 36.7338738], [-119.7000514, 36.7326247], [-119.7007204, 36.7310855], [-119.6985664, 36.7306669], [-119.7000504, 36.7320725], [-119.6922356, 36.7329821], [-119.689915, 36.736394], [-119.68762, 36.736535], [-119.686262, 36.736618], [-119.683758, 36.736779], [-119.68229, 36.736867], [-119.682061, 36.736652], [-119.6820741, 36.7356271], [-119.675117, 36.736941], [-119.673026, 36.736201], [-119.673067, 36.733233], [-119.673062, 36.731748], [-119.673055, 36.730666], [-119.673062, 36.729175], [-119.6730543, 36.7277193], [-119.674141, 36.727706], [-119.674147, 36.728028], [-119.677382, 36.727699], [-119.679023, 36.727719], [-119.682066, 36.727716], [-119.682077, 36.727462], [-119.682076, 36.726996], [-119.682094, 36.725388], [-119.682088, 36.722704], [-119.7048335, 36.7221307], [-119.704502, 36.721881], [-119.7042971, 36.7217446], [-119.704262, 36.720817], [-119.704345, 36.716181], [-119.705451, 36.716403], [-119.705976, 36.716448], [-119.706319, 36.716226], [-119.706673, 36.716193], [-119.707432, 36.716195], [-119.708179, 36.716215], [-119.708662, 36.716292], [-119.708897, 36.716363], [-119.709068, 36.716438], [-119.709293, 36.716548], [-119.709308, 36.717307], [-119.709302, 36.717655], [-119.709335, 36.71927], [-119.709363, 36.720949], [-119.70937, 36.721505], [-119.7093891, 36.7250911], [-119.709365, 36.72679], [-119.709358, 36.728254], [-119.7059885, 36.7304486], [-119.710254, 36.728612], [-119.709766, 36.735878], [-119.707792, 36.735877], [-119.7082328, 36.7365627], [-119.709293, 36.737147], [-119.7116013, 36.7372985], [-119.7126854, 36.7376843], [-119.712721, 36.7387393]], [[-119.695468, 36.744746], [-119.695334, 36.744796], [-119.695156, 36.744864], [-119.695109, 36.744939], [-119.6950457, 36.7452035], [-119.6949158, 36.7453783], [-119.6947861, 36.7455237], [-119.6946108, 36.7456691], [-119.6944734, 36.7457359], [-119.6942955, 36.7458118], [-119.6941652, 36.7458605], [-119.6940546, 36.745892], [-119.6939181, 36.7459338], [-119.6938502, 36.7459969], [-119.6938384, 36.7460834], [-119.6938407, 36.7461613], [-119.6939137, 36.7467442], [-119.6939311, 36.7469071], [-119.6939249, 36.7470916], [-119.6938756, 36.7472265], [-119.6937564, 36.7475964], [-119.694318, 36.747754], [-119.694464, 36.74779], [-119.694595, 36.748131], [-119.694771, 36.748588], [-119.694842, 36.749192], [-119.694885, 36.749556], [-119.694805, 36.749678], [-119.694801, 36.749677], [-119.694351, 36.749661], [-119.694202, 36.749656], [-119.694019, 36.749666], [-119.69347, 36.749696], [-119.693288, 36.749707], [-119.692846, 36.749733], [-119.691521, 36.749812], [-119.69108, 36.749839], [-119.69108, 36.749748], [-119.691083, 36.749477], [-119.691084, 36.749387], [-119.691091, 36.749246], [-119.691114, 36.748823], [-119.691122, 36.748683], [-119.691124, 36.748633], [-119.691132, 36.748483], [-119.691135, 36.748434], [-119.691133, 36.748341], [-119.691129, 36.748065], [-119.691128, 36.747973], [-119.691124, 36.747875], [-119.691113, 36.747582], [-119.69111, 36.747485], [-119.691081, 36.747273], [-119.690996, 36.746639], [-119.690968, 36.746428], [-119.69093, 36.746041], [-119.690932, 36.745949], [-119.690941, 36.745577], [-119.691037, 36.74493], [-119.691076, 36.74455], [-119.691074, 36.744519], [-119.691059, 36.744156], [-119.691113, 36.744053], [-119.691141, 36.743902], [-119.691144, 36.743887], [-119.691146, 36.743441], [-119.691147, 36.743316], [-119.691146, 36.743288], [-119.691168, 36.743265], [-119.691253, 36.743151], [-119.691266, 36.743142], [-119.691295, 36.743123], [-119.691465, 36.742985], [-119.691541, 36.742943], [-119.691592, 36.742922], [-119.691626, 36.742901], [-119.691755, 36.742864], [-119.691822, 36.742845], [-119.691942, 36.742833], [-119.691973, 36.741602], [-119.692068, 36.737911], [-119.692073, 36.737742], [-119.693133, 36.73768], [-119.693618, 36.737693], [-119.69386, 36.7377], [-119.693887, 36.738913], [-119.693899, 36.739399], [-119.693936, 36.740075], [-119.694049, 36.742082], [-119.694043, 36.742106], [-119.693969, 36.742459], [-119.6939012, 36.7426443], [-119.6944557, 36.7427201], [-119.694467, 36.743043], [-119.694466, 36.743134], [-119.694818, 36.743135], [-119.695425, 36.743139], [-119.695423, 36.743588], [-119.695422, 36.743941], [-119.695427, 36.743978], [-119.695442, 36.744089], [-119.695448, 36.744126], [-119.695454, 36.744316], [-119.695468, 36.744746]]], [[[-119.934397, 36.705896], [-119.93437, 36.700405], [-119.934357, 36.697484], [-119.934341, 36.693103], [-119.9341277, 36.6917862], [-119.93078, 36.691646], [-119.920061, 36.691723], [-119.91649, 36.691728], [-119.9165, 36.691669], [-119.916526, 36.690659], [-119.916549, 36.689777], [-119.916553, 36.689619], [-119.916593, 36.688078], [-119.916633, 36.686103], [-119.916683, 36.684509], [-119.91674, 36.678987], [-119.916759, 36.677207], [-119.911592, 36.677244], [-119.90838, 36.677259], [-119.907435, 36.674464], [-119.907346, 36.663242], [-119.907304, 36.662162], [-119.90155, 36.662186], [-119.900626, 36.66285], [-119.900657, 36.66474], [-119.900308, 36.669705], [-119.898514, 36.669696], [-119.898504, 36.673058], [-119.898465, 36.676731], [-119.898492, 36.677354], [-119.896726, 36.677357], [-119.895748, 36.67737], [-119.892901, 36.677364], [-119.891428, 36.677372], [-119.889663, 36.677384], [-119.88954, 36.684764], [-119.880536, 36.684694], [-119.880555, 36.690096], [-119.880537, 36.691916], [-119.88054, 36.695521], [-119.880526, 36.699114], [-119.880536, 36.699175], [-119.880536, 36.699197], [-119.880535, 36.699251], [-119.880524, 36.700262], [-119.880514, 36.703255], [-119.881606, 36.704253], [-119.88381, 36.705317], [-119.885005, 36.706404], [-119.888587, 36.706376], [-119.889781, 36.706364], [-119.889868, 36.706363], [-119.891943, 36.706347], [-119.895567, 36.706329], [-119.904557, 36.706301], [-119.909874, 36.706308], [-119.916477, 36.706316], [-119.916784, 36.70631], [-119.917615, 36.706294], [-119.920366, 36.706285], [-119.925516, 36.706245], [-119.934308, 36.706238], [-119.934394, 36.706129], [-119.934397, 36.705896]]]]}}, {"type": "Feature", "properties": {"name": "Long Beach"}, "geometry": {"type": "Polygon", "coordinates": [[[-118.248966, 33.755902], [-118.1658361, 33.6915543], [-118.1198354, 33.7356941], [-118.1130057, 33.7471329], [-118.1057847, 33.75071], [-118.1016243, 33.7529599], [-118.10132, 33.7531697], [-118.1011413, 33.7533189], [-118.1008872, 33.7534846], [-118.1003925, 33.7537429], [-118.1002013, 33.7538206], [-118.0996181, 33.7540374], [-118.0988486, 33.7544523], [-118.09852, 33.7546827], [-118.0982525, 33.7549592], [-118.0919805, 33.7584755], [-118.0923363, 33.7645509], [-118.097062, 33.7737051], [-118.097008, 33.7775539], [-118.096925, 33.7781963], [-118.0967414, 33.7789384], [-118.0964431, 33.7796775], [-118.0862426, 33.7969134], [-118.0756436, 33.8120562], [-118.0695541, 33.816504], [-118.068628, 33.817455], [-118.0632873, 33.819641], [-118.0659591, 33.8239786], [-118.0687443, 33.8224117], [-118.0718502, 33.8239746], [-118.0746996, 33.8234476], [-118.0827845, 33.8298728], [-118.0821607, 33.8306413], [-118.0877392, 33.8312545], [-118.0942244, 33.832072], [-118.124957, 33.8324493], [-118.1320378, 33.8467256], [-118.1510832, 33.8294952], [-118.1551594, 33.8275934], [-118.1608574, 33.8275678], [-118.1641872, 33.8218779], [-118.1658305, 33.8277464], [-118.16708, 33.8468072], [-118.1678102, 33.8542387], [-118.1651624, 33.854077], [-118.1555456, 33.857478], [-118.1510994, 33.8603117], [-118.1466463, 33.8689398], [-118.1773579, 33.8819567], [-118.1866623, 33.8855336], [-118.1875036, 33.8830487], [-118.208892, 33.8813096], [-118.2084998, 33.8749331], [-118.2079831, 33.8744314], [-118.2055248, 33.8743662], [-118.2035473, 33.8611204], [-118.2012346, 33.8603568], [-118.2039813, 33.8561277], [-118.2049074, 33.8538724], [-118.2054439, 33.8514126], [-118.2057842, 33.8489752], [-118.2059713, 33.8486951], [-118.2065026, 33.8485968], [-118.2059253, 33.8465702], [-118.2060557, 33.8457498], [-118.2067187, 33.8432293], [-118.2113099, 33.8390885], [-118.2126666, 33.835734], [-118.2166742, 33.8322767], [-118.216846, 33.829809], [-118.2176217, 33.8257074], [-118.22457, 33.821568], [-118.222442, 33.812452], [-118.226942, 33.7907], [-118.2261389, 33.7884026], [-118.24545, 33.763889], [-118.248966, 33.755902]], [[-118.1846159, 33.8164271], [-118.1842365, 33.81638], [-118.184232, 33.8169796], [-118.1844771, 33.8169813], [-118.1845031, 33.8178632], [-118.1846132, 33.8178649], [-118.1846122, 33.818649], [-118.1752687, 33.8186386], [-118.1752712, 33.8188681], [-118.1741291, 33.8188683], [-118.174128, 33.8186646], [-118.1719466, 33.818654], [-118.1719129, 33.8152986], [-118.1741591, 33.8153016], [-118.1741686, 33.813534], [-118.1784978, 33.8135211], [-118.1784758, 33.8116194], [-118.1806438, 33.8116174], [-118.1806381, 33.804446], [-118.1763971, 33.80444], [-118.1763968, 33.8116644], [-118.1632247, 33.8116713], [-118.163211, 33.8091542], [-118.162193, 33.809154], [-118.1621935, 33.8090442], [-118.1612117, 33.8090497], [-118.1612176, 33.8098701], [-118.1589296, 33.8098606], [-118.15891, 33.8094456], [-118.1588506, 33.8020895], [-118.1558065, 33.8039872], [-118.1558066, 33.8043891], [-118.1514475, 33.8043866], [-118.1514912, 33.7970697], [-118.1588742, 33.7970782], [-118.1588884, 33.7963835], [-118.154656, 33.7963951], [-118.1546629, 33.7934423], [-118.15179, 33.7934284], [-118.1518757, 33.7925407], [-118.1514298, 33.7916923], [-118.1510601, 33.7912013], [-118.1507428, 33.7908285], [-118.1503529, 33.7904592], [-118.1499891, 33.7901616], [-118.1498067, 33.7900288], [-118.149633, 33.789903], [-118.1501625, 33.789902], [-118.1501656, 33.7897879], [-118.1587942, 33.7897898], [-118.1587904, 33.7899282], [-118.1656555, 33.7899417], [-118.1671057, 33.7908832], [-118.166957, 33.7910454], [-118.1681089, 33.7917962], [-118.1714677, 33.7939636], [-118.1736752, 33.7954148], [-118.1761212, 33.7969744], [-118.1764669, 33.7972613], [-118.1769308, 33.7975664], [-118.1792848, 33.7990568], [-118.1794253, 33.7991273], [-118.1817666, 33.8006417], [-118.1817895, 33.804325], [-118.1845981, 33.8043785], [-118.1846159, 33.8164271]], [[-118.1165577, 33.825025], [-118.116511, 33.828446], [-118.1143358, 33.8284527], [-118.1143147, 33.8302564], [-118.1078401, 33.830303], [-118.1078637, 33.8249896], [-118.108552, 33.824991], [-118.1085376, 33.8275449], [-118.1104537, 33.8275454], [-118.1104276, 33.8250322], [-118.1165577, 33.825025]]]}}, {"type": "Feature", "properties": {"name": "Stockton"}, "geometry": {"type": "Polygon", "coordinates": [[[-121.419736, 38.043993], [-121.416791, 38.04346], [-121.413006, 38.044013], [-121.408105, 38.044368], [-121.405368, 38.04708], [-121.38777, 38.044713], [-121.380421, 38.036172], [-121.373852, 38.032947], [-121.369192, 38.013933], [-121.377858, 38.012931], [-121.371831, 37.997734], [-121.371274, 37.979692], [-121.373101, 37.964722], [-121.379895, 37.958596], [-121.376873, 37.951624], [-121.371485, 37.946652], [-121.368475, 37.942527], [-121.3605094, 37.9414787], [-121.325522, 37.927312], [-121.324626, 37.926147], [-121.323631, 37.924679], [-121.322074, 37.922298], [-121.31871, 37.920405], [-121.3031477, 37.8970863], [-121.279596, 37.895593], [-121.275685, 37.911147], [-121.2737789, 37.9066616], [-121.256548, 37.901736], [-121.2691915, 37.8925531], [-121.267252, 37.888277], [-121.265361, 37.887898], [-121.263077, 37.888198], [-121.257994, 37.888522], [-121.2518132, 37.8939367], [-121.252922, 37.902474], [-121.2386631, 37.9069696], [-121.232384, 37.90658], [-121.221045, 37.901017], [-121.1840372, 37.911715], [-121.187239, 37.913128], [-121.199887, 37.921187], [-121.218359, 37.912408], [-121.244811, 37.917694], [-121.2533483, 37.9248479], [-121.2563477, 37.935849], [-121.2380776, 37.935622], [-121.2201458, 37.9293589], [-121.2366902, 37.9397976], [-121.2456742, 37.9411806], [-121.2552352, 37.9448444], [-121.2402167, 37.9573595], [-121.2518279, 37.9724472], [-121.2670356, 37.9728515], [-121.2757589, 37.9756539], [-121.2705144, 37.9897214], [-121.2859689, 37.993274], [-121.275355, 37.995912], [-121.271214, 37.999841], [-121.267958, 38.002484], [-121.265571, 38.004778], [-121.265936, 38.006079], [-121.270481, 38.016005], [-121.258557, 38.037398], [-121.2590177, 38.0436041], [-121.2595311, 38.0572909], [-121.2776785, 38.0493034], [-121.298751, 38.043941], [-121.30069, 38.042028], [-121.313338, 38.036008], [-121.32227, 38.042672], [-121.33206, 38.045779], [-121.3140509, 38.0509272], [-121.3237854, 38.0498663], [-121.333321, 38.057757], [-121.372516, 38.058032], [-121.406744, 38.057826], [-121.418583, 38.046288], [-121.419736, 38.043993]], [[-121.3690105, 37.9665612], [-121.3661765, 37.9668223], [-121.3632523, 37.9681751], [-121.3613447, 37.9678879], [-121.3601032, 37.9674533], [-121.3593758, 37.967444], [-121.3586376, 37.9676162], [-121.3570849, 37.9683094], [-121.3560853, 37.9688414], [-121.3544733, 37.9666457], [-121.3539242, 37.9668093], [-121.3533633, 37.9671148], [-121.3533045, 37.9674403], [-121.3531312, 37.9677948], [-121.3530284, 37.9680661], [-121.3530883, 37.9685643], [-121.3529714, 37.9687463], [-121.3525644, 37.9693529], [-121.3513623, 37.9693954], [-121.3511736, 37.9693569], [-121.3512208, 37.9698534], [-121.351175, 37.9698679], [-121.350729, 37.9697701], [-121.3503369, 37.9714327], [-121.3511172, 37.971256], [-121.3517318, 37.9720384], [-121.3508294, 37.9726207], [-121.3499897, 37.9730385], [-121.3489765, 37.9735562], [-121.3478231, 37.9742368], [-121.3465523, 37.9751384], [-121.3455245, 37.976176], [-121.3432723, 37.9779714], [-121.3420638, 37.9787827], [-121.3418027, 37.9789228], [-121.340838, 37.9795411], [-121.3395681, 37.9798568], [-121.3382475, 37.980009], [-121.3372639, 37.9799269], [-121.3364926, 37.9800028], [-121.3348967, 37.9806251], [-121.3344158, 37.980668], [-121.3336548, 37.9805956], [-121.3324258, 37.9805484], [-121.3318726, 37.9806949], [-121.3277476, 37.97871], [-121.3269952, 37.9766256], [-121.3287427, 37.970942], [-121.3281526, 37.9694029], [-121.3271434, 37.9703124], [-121.3256788, 37.9700074], [-121.3155736, 37.9702301], [-121.3149374, 37.9685811], [-121.3140324, 37.9663756], [-121.3199102, 37.9647624], [-121.328808, 37.9661374], [-121.3315097, 37.9663645], [-121.332251, 37.9667017], [-121.3361435, 37.9673248], [-121.3405313, 37.9662671], [-121.3409504, 37.9656065], [-121.3438093, 37.9642953], [-121.3457731, 37.96439], [-121.3479115, 37.9644106], [-121.3492129, 37.9640987], [-121.3503616, 37.9633477], [-121.3517128, 37.9634715], [-121.3493776, 37.9625127], [-121.3488483, 37.9600129], [-121.3472435, 37.959063], [-121.346506, 37.9618008], [-121.3459866, 37.961773], [-121.3455156, 37.9618191], [-121.3451035, 37.9621016], [-121.3451934, 37.9621463], [-121.3450121, 37.9627232], [-121.3445447, 37.9622352], [-121.3441858, 37.9628201], [-121.3439431, 37.9632356], [-121.3436731, 37.9635888], [-121.3430672, 37.9623997], [-121.3428892, 37.9589031], [-121.346174, 37.9581598], [-121.3532067, 37.9581976], [-121.3584542, 37.9584563], [-121.3617241, 37.9607338], [-121.3634773, 37.962313], [-121.3684308, 37.9658854], [-121.3690105, 37.9665612]], [[-121.3568845, 38.0046132], [-121.3563023, 38.0046738], [-121.3563049, 38.0049617], [-121.3562995, 38.0049929], [-121.3562774, 38.0050183], [-121.3562328, 38.0050328], [-121.355856, 38.0050722], [-121.3552197, 38.0051286], [-121.3550014, 38.0051488], [-121.3547383, 38.0051522], [-121.3544572, 38.0051337], [-121.3542258, 38.0050933], [-121.3539643, 38.0050344], [-121.3539649, 38.0047933], [-121.3534073, 38.0048018], [-121.3533902, 38.0045377], [-121.3531065, 38.0045475], [-121.3503707, 38.0047559], [-121.3504226, 38.0046634], [-121.3500121, 38.0029968], [-121.3495443, 38.0014206], [-121.3489082, 37.9997562], [-121.3482747, 37.9995049], [-121.3482656, 37.9993437], [-121.3488896, 37.9993396], [-121.3489652, 37.9993044], [-121.3491121, 37.9991182], [-121.3491927, 37.9988846], [-121.3494501, 37.998883], [-121.3495167, 37.9990509], [-121.3496204, 37.999105], [-121.3499999, 38.0000032], [-121.3501863, 38.0001894], [-121.3509953, 38.0020896], [-121.3519897, 38.0020189], [-121.351882, 38.0010272], [-121.3522439, 38.0010013], [-121.3522779, 38.0011853], [-121.3526304, 38.001161], [-121.3531557, 38.0011564], [-121.3542156, 38.0012745], [-121.355434, 38.0011274], [-121.3568542, 38.0011212], [-121.3568845, 38.0046132]], [[-121.3496294, 38.0048339], [-121.3392933, 38.0056162], [-121.3388491, 38.0058], [-121.3388874, 38.0059613], [-121.329191, 38.0086907], [-121.3296847, 38.0118679], [-121.329288, 38.0136909], [-121.3286489, 38.0152223], [-121.3289558, 38.0162], [-121.3301479, 38.0161523], [-121.3300724, 38.0160435], [-121.3302583, 38.0152474], [-121.3305965, 38.0145069], [-121.3303663, 38.0141575], [-121.3333683, 38.0145512], [-121.3315926, 38.0155974], [-121.3311382, 38.0165619], [-121.3311588, 38.0179371], [-121.3311924, 38.0184653], [-121.3312444, 38.0184439], [-121.3316322, 38.0183785], [-121.3312364, 38.0209158], [-121.3321753, 38.0219712], [-121.3351898, 38.0216294], [-121.3384425, 38.0221149], [-121.3409514, 38.0283352], [-121.3230643, 38.0249999], [-121.3231027, 38.0243227], [-121.3231602, 38.0241448], [-121.3231027, 38.0240946], [-121.3231476, 38.0231716], [-121.3232308, 38.0231358], [-121.3231941, 38.0229596], [-121.3231508, 38.0229126], [-121.3235701, 38.0227382], [-121.3239385, 38.0222808], [-121.3258482, 38.0229027], [-121.3264507, 38.0227368], [-121.326485, 38.0226475], [-121.3256108, 38.0212406], [-121.3256143, 38.021199], [-121.3258228, 38.0211585], [-121.3288982, 38.021131], [-121.328087, 38.0192173], [-121.3277298, 38.0189685], [-121.3264887, 38.0190315], [-121.3261573, 38.0190743], [-121.3261605, 38.0190261], [-121.3255377, 38.0182857], [-121.3248672, 38.0181866], [-121.3247299, 38.0178608], [-121.3238608, 38.0159187], [-121.3270656, 38.0161176], [-121.3273243, 38.0157455], [-121.3272146, 38.0155269], [-121.3272184, 38.0153787], [-121.3218935, 38.0136394], [-121.3208614, 38.011159], [-121.3209075, 38.0110841], [-121.3207693, 38.0108902], [-121.3197516, 38.0083452], [-121.3197303, 38.0081131], [-121.3196329, 38.0080541], [-121.3208943, 38.0078652], [-121.3218886, 38.0075692], [-121.3220804, 38.0074125], [-121.3220327, 38.0068097], [-121.3231201, 38.0063051], [-121.3282068, 38.0048276], [-121.3316913, 38.0021153], [-121.3317031, 38.0013202], [-121.3472517, 37.9997547], [-121.3476385, 38.0010038], [-121.3483356, 38.0024072], [-121.349238, 38.003408], [-121.3496294, 38.0048339]], [[-121.347971, 38.042938], [-121.347378, 38.042948], [-121.344825, 38.0429], [-121.343822, 38.042904], [-121.342854, 38.042883], [-121.341231, 38.042878], [-121.341215, 38.042746], [-121.341148, 38.042175], [-121.340959, 38.041429], [-121.340959, 38.040637], [-121.340958, 38.039835], [-121.340958, 38.037088], [-121.3412074, 38.0373057], [-121.3435034, 38.0392143], [-121.343556, 38.039258], [-121.3440182, 38.0396464], [-121.3444076, 38.0399736], [-121.345535, 38.040921], [-121.346533, 38.041738], [-121.347935, 38.042908], [-121.347971, 38.042938]], [[-121.3454346, 38.0313638], [-121.3448432, 38.0315426], [-121.3449579, 38.0319456], [-121.3425498, 38.0326463], [-121.340679, 38.0331509], [-121.3377989, 38.034027], [-121.3375076, 38.0337647], [-121.3374714, 38.0337082], [-121.3375163, 38.0336644], [-121.3380685, 38.0334406], [-121.337421, 38.0324467], [-121.3365923, 38.0327777], [-121.3365589, 38.0327877], [-121.3365307, 38.0327884], [-121.336499, 38.0327755], [-121.3364642, 38.0327436], [-121.3359942, 38.0322957], [-121.3370673, 38.0318501], [-121.3364719, 38.0309223], [-121.3371512, 38.030342], [-121.3373394, 38.0302121], [-121.338309, 38.0296974], [-121.3387775, 38.0295256], [-121.3398693, 38.0292559], [-121.3403599, 38.0290491], [-121.3414693, 38.0307686], [-121.3424107, 38.0303905], [-121.3428061, 38.030259], [-121.3431671, 38.0301691], [-121.3435392, 38.0300715], [-121.344028, 38.029985], [-121.3444634, 38.0299237], [-121.3447555, 38.029896], [-121.3453177, 38.0298594], [-121.3453308, 38.0300016], [-121.3453449, 38.0300013], [-121.3453684, 38.0300046], [-121.3453788, 38.0300082], [-121.3453908, 38.030015], [-121.3454056, 38.0300333], [-121.3454083, 38.0300441], [-121.3454346, 38.0313638]], [[-121.3391265, 38.0355329], [-121.3387484, 38.035542], [-121.3385721, 38.0355434], [-121.3385, 38.035544], [-121.338155, 38.035559], [-121.337195, 38.03558], [-121.335788, 38.035571], [-121.335554, 38.035558], [-121.3353299, 38.0355531], [-121.3350639, 38.0355507], [-121.335059, 38.035003], [-121.336497, 38.034969], [-121.337348, 38.034968], [-121.337195, 38.03485], [-121.338049, 38.034447], [-121.338098, 38.0344956], [-121.338373, 38.034768], [-121.338484, 38.0348886], [-121.3387927, 38.0351967], [-121.3391265, 38.0355329]], [[-121.3369181, 38.013863], [-121.3369169, 38.0156243], [-121.335804, 38.0156184], [-121.3358186, 38.0151419], [-121.3356415, 38.0151239], [-121.3354467, 38.0151219], [-121.3352849, 38.0151404], [-121.3352821, 38.0156123], [-121.3341693, 38.0156128], [-121.3341634, 38.0138535], [-121.3369181, 38.013863]], [[-121.319002, 37.948851], [-121.31757, 37.948961], [-121.317532, 37.948606], [-121.317369, 37.948013], [-121.3160594, 37.9482325], [-121.315971, 37.947876], [-121.315958, 37.947823], [-121.315283, 37.947938], [-121.314647, 37.946871], [-121.314443, 37.946251], [-121.314281, 37.945532], [-121.314051, 37.944488], [-121.313422, 37.944596], [-121.313369, 37.944218], [-121.312389, 37.944312], [-121.312352, 37.944186], [-121.312319, 37.944073], [-121.312262, 37.94395], [-121.312231, 37.943849], [-121.312191, 37.943642], [-121.312145, 37.94342], [-121.312105, 37.943281], [-121.312031, 37.94302], [-121.31195, 37.942832], [-121.311917, 37.942699], [-121.31186, 37.942403], [-121.311813, 37.942209], [-121.311626, 37.942244], [-121.31151, 37.942291], [-121.311415, 37.942353], [-121.311357, 37.942407], [-121.31129, 37.942494], [-121.311168, 37.942732], [-121.311159, 37.942888], [-121.31102, 37.943006], [-121.310798, 37.943248], [-121.310691, 37.943323], [-121.310419, 37.943496], [-121.309293, 37.944212], [-121.309229, 37.944146], [-121.309168, 37.944046], [-121.309079, 37.94374], [-121.308223, 37.943953], [-121.308316, 37.94431], [-121.307832, 37.94441], [-121.307628, 37.943613], [-121.307605, 37.94354], [-121.307566, 37.943428], [-121.307297, 37.942503], [-121.307149, 37.94196], [-121.308527, 37.941742], [-121.308958, 37.941676], [-121.309036, 37.941667], [-121.309166, 37.941638], [-121.309274, 37.941596], [-121.309523, 37.941475], [-121.309659, 37.941435], [-121.309843, 37.941398], [-121.310099, 37.941348], [-121.310684, 37.941255], [-121.311523, 37.941118], [-121.313363, 37.94083], [-121.313517, 37.940799], [-121.314101, 37.940707], [-121.31475, 37.940607], [-121.315421, 37.940497], [-121.316576, 37.94031], [-121.316667, 37.940299], [-121.316699, 37.940301], [-121.316751, 37.940321], [-121.316781, 37.940357], [-121.31679, 37.94038], [-121.3171385, 37.9417149], [-121.31719, 37.941912], [-121.317426, 37.942814], [-121.316057, 37.943024], [-121.3161976, 37.9435122], [-121.316361, 37.94409], [-121.316395, 37.944084], [-121.317571, 37.943885], [-121.317692, 37.943861], [-121.31772, 37.943934], [-121.3179091, 37.9446687], [-121.318209, 37.945834], [-121.318233, 37.94594], [-121.318272, 37.946047], [-121.318331, 37.946275], [-121.317167, 37.946419], [-121.317609, 37.947743], [-121.318546, 37.947489], [-121.318715, 37.947781], [-121.318863, 37.948319], [-121.319002, 37.948851]], [[-121.2937203, 37.9887256], [-121.2924937, 37.9890243], [-121.2924885, 37.9890085], [-121.2919579, 37.9891348], [-121.2917974, 37.9887353], [-121.29178, 37.988714], [-121.2915686, 37.9881706], [-121.2931052, 37.9878135], [-121.2933191, 37.9883489], [-121.2935418, 37.9882969], [-121.2937203, 37.9887256]], [[-121.290316, 37.916858], [-121.289904, 37.91697], [-121.289312, 37.917131], [-121.288686, 37.917353], [-121.288419, 37.91739], [-121.288102, 37.917685], [-121.283646, 37.921659], [-121.281804, 37.922988], [-121.2808106, 37.92401], [-121.280715, 37.923786], [-121.2802461, 37.9226043], [-121.279664, 37.921186], [-121.278841, 37.91915], [-121.2784835, 37.9182624], [-121.2780611, 37.9172006], [-121.2774584, 37.9157334], [-121.2773242, 37.9153871], [-121.277487, 37.915085], [-121.277658, 37.91493], [-121.278459, 37.914674], [-121.27901, 37.914509], [-121.279667, 37.914336], [-121.280524, 37.914086], [-121.280782, 37.914047], [-121.281381, 37.914093], [-121.281724, 37.914218], [-121.2818473, 37.9141404], [-121.281776, 37.914001], [-121.281428, 37.913198], [-121.280891, 37.911881], [-121.280228, 37.910201], [-121.280201, 37.910075], [-121.280153, 37.909959], [-121.278623, 37.91037], [-121.278467, 37.909149], [-121.278757, 37.906506], [-121.283298, 37.905677], [-121.283301, 37.904714], [-121.283725, 37.904775], [-121.283972, 37.904914], [-121.284274, 37.905146], [-121.284671, 37.905526], [-121.284951, 37.905774], [-121.28503, 37.905834], [-121.2851, 37.905918], [-121.285245, 37.905996], [-121.28531, 37.906067], [-121.285731, 37.906414], [-121.285855, 37.906513], [-121.286111, 37.906764], [-121.286232, 37.906877], [-121.286375, 37.907048], [-121.286553, 37.907243], [-121.285441, 37.907872], [-121.286058, 37.90901], [-121.287317, 37.908878], [-121.288166, 37.909852], [-121.288272, 37.910388], [-121.288867, 37.9125721], [-121.288084, 37.912892], [-121.287829, 37.913064], [-121.287526, 37.913188], [-121.28573, 37.913398], [-121.284204, 37.913859], [-121.287759, 37.914816], [-121.289672, 37.9157], [-121.290316, 37.916858]], [[-121.2888301, 37.9859932], [-121.2885166, 37.9860644], [-121.2885051, 37.9860391], [-121.2851247, 37.9868142], [-121.2850967, 37.9868122], [-121.2850731, 37.9868004], [-121.2850614, 37.9867894], [-121.2850559, 37.9867786], [-121.2847126, 37.9868477], [-121.2847143, 37.986862], [-121.2847133, 37.986879], [-121.2847015, 37.9868972], [-121.2846846, 37.9869111], [-121.2846628, 37.9869207], [-121.2847276, 37.9870782], [-121.2847473, 37.9870753], [-121.2847694, 37.9870808], [-121.2847866, 37.9870891], [-121.2848007, 37.9870999], [-121.2848081, 37.9871144], [-121.2848906, 37.987348], [-121.2845116, 37.9874301], [-121.2845857, 37.9876359], [-121.2839944, 37.9877723], [-121.2839916, 37.987769], [-121.2822623, 37.9881656], [-121.2825521, 37.9844112], [-121.2867832, 37.983385], [-121.2871453, 37.983331], [-121.2873788, 37.9833268], [-121.2874919, 37.9833066], [-121.2877759, 37.9832396], [-121.2888301, 37.9859932]], [[-121.2851582, 37.9732034], [-121.2846687, 37.9733313], [-121.2844499, 37.9728033], [-121.2835843, 37.9730304], [-121.2834124, 37.9730649], [-121.2834566, 37.9734131], [-121.2831043, 37.973433], [-121.282762, 37.9734131], [-121.2828155, 37.9743556], [-121.280633, 37.9749165], [-121.2805259, 37.9746567], [-121.2804995, 37.9744937], [-121.2801104, 37.9735045], [-121.2797072, 37.9735728], [-121.2789931, 37.9718192], [-121.278365, 37.9702696], [-121.2788308, 37.9701939], [-121.2788176, 37.9703875], [-121.2792137, 37.9705041], [-121.2793016, 37.9703236], [-121.2794909, 37.9703485], [-121.279635, 37.9703406], [-121.2795676, 37.9700727], [-121.2800734, 37.9699895], [-121.2800785, 37.9700029], [-121.2801437, 37.9702556], [-121.2810508, 37.9701047], [-121.2809886, 37.9699], [-121.2822668, 37.9696844], [-121.2823563, 37.9700193], [-121.2831369, 37.9698922], [-121.283535, 37.9698018], [-121.2835404, 37.9698148], [-121.28376, 37.9697696], [-121.2851582, 37.9732034]], [[-121.2720821, 37.9667349], [-121.2715201, 37.9668691], [-121.2717077, 37.9674065], [-121.2713644, 37.9674847], [-121.2715009, 37.9678793], [-121.2717983, 37.967811], [-121.2715488, 37.9681286], [-121.2658229, 37.9694995], [-121.2652927, 37.9682428], [-121.2687741, 37.9674468], [-121.2682231, 37.9659323], [-121.2714514, 37.965202], [-121.2719591, 37.9666248], [-121.2720375, 37.9666089], [-121.2720821, 37.9667349]]]}}, {"type": "Feature", "properties": {"name": "Bakersfield"}, "geometry": {"type": "MultiPolygon", "coordinates": [[[[-118.9676727, 35.237781], [-118.967659, 35.240652], [-118.9676501, 35.2425109], [-118.967646, 35.243372], [-118.967638, 35.245092], [-118.9677893, 35.2523786], [-118.9753325, 35.2523469], [-118.9764448, 35.2523422], [-118.9769298, 35.2523402], [-118.979591, 35.252329], [-118.979999, 35.252327], [-118.979915, 35.247264], [-118.979931, 35.246939], [-118.979834, 35.246663], [-118.97977, 35.246404], [-118.980026, 35.245754], [-118.978259, 35.237768], [-118.973038, 35.237774], [-118.9676727, 35.237781]]], [[[-118.9676727, 35.237781], [-118.96768, 35.223345], [-118.96768, 35.223129], [-118.950022, 35.223146], [-118.949969, 35.208654], [-118.941102, 35.208668], [-118.938409, 35.2086731], [-118.9322496, 35.2086848], [-118.932234, 35.208737], [-118.932206, 35.223243], [-118.939552, 35.223165], [-118.939656, 35.228857], [-118.945277, 35.228814], [-118.945277, 35.230556], [-118.949753, 35.230514], [-118.950014, 35.230514], [-118.950006, 35.237814], [-118.960404, 35.237794], [-118.960519, 35.237794], [-118.9648594, 35.2377861], [-118.9676727, 35.237781]]], [[[-118.949969, 35.208654], [-118.967595, 35.208623], [-118.9677065, 35.1940463], [-118.94991, 35.193979], [-118.949846, 35.193979], [-118.949969, 35.208654]]], [[[-119.265033, 35.303553], [-119.1458847, 35.2962073], [-119.0832685, 35.2525832], [-119.036789, 35.274144], [-119.0119762, 35.2661793], [-119.003916, 35.278191], [-119.00361, 35.284078], [-119.00285, 35.285077], [-118.990789, 35.291968], [-118.963032, 35.266908], [-118.940943, 35.325159], [-118.9491995, 35.3541872], [-118.9453099, 35.3614537], [-118.9586513, 35.3585244], [-118.9718635, 35.3540515], [-118.975204, 35.371131], [-118.982369, 35.382844], [-118.983621, 35.388111], [-118.989173, 35.390245], [-118.994615, 35.392361], [-118.99845, 35.393821], [-118.9853729, 35.4048365], [-118.9670834, 35.3921198], [-118.9652169, 35.3867138], [-118.955489, 35.390463], [-118.943848, 35.396337], [-118.9370627, 35.3864797], [-118.9320566, 35.3796905], [-118.9187748, 35.376359], [-118.8963159, 35.3835725], [-118.8698264, 35.4009431], [-118.8610074, 35.4024548], [-118.808021, 35.398502], [-118.793305, 35.442302], [-118.806002, 35.438285], [-118.814185, 35.434627], [-118.831018, 35.434385], [-118.8634933, 35.4331859], [-118.8792193, 35.4319883], [-118.9223225, 35.4416028], [-118.9348438, 35.4429347], [-118.9596006, 35.4154907], [-118.9704572, 35.4262496], [-118.9850697, 35.4125894], [-119.030073, 35.398826], [-119.040087, 35.402216], [-119.044849, 35.385715], [-119.065282, 35.3830694], [-119.0870463, 35.3691799], [-119.0819484, 35.3805376], [-119.091729, 35.3886319], [-119.06883, 35.4015198], [-119.0699173, 35.3905952], [-119.0677977, 35.4092237], [-119.07462, 35.410382], [-119.0845765, 35.4056194], [-119.09223, 35.419711], [-119.1100118, 35.4233882], [-119.112512, 35.431697], [-119.1099048, 35.437471], [-119.1422688, 35.4269852], [-119.1987823, 35.441212], [-119.1550469, 35.4023307], [-119.142648, 35.399493], [-119.136904, 35.39089], [-119.131429, 35.390267], [-119.131126, 35.390885], [-119.1227321, 35.3979261], [-119.110797, 35.39074], [-119.103595, 35.374349], [-119.11902, 35.370935], [-119.127926, 35.37618], [-119.1510402, 35.3834022], [-119.1622008, 35.369088], [-119.1537961, 35.369044], [-119.152443, 35.355483], [-119.176526, 35.3580476], [-119.194237, 35.332377], [-119.2549306, 35.3035323], [-119.265033, 35.303553]], [[-119.1976357, 35.319917], [-119.19732, 35.320136], [-119.187024, 35.321473], [-119.182011, 35.323412], [-119.18118, 35.323737], [-119.1811, 35.332521], [-119.1768777, 35.332596], [-119.1769543, 35.3365325], [-119.1733135, 35.3363713], [-119.1671091, 35.3258075], [-119.1649538, 35.3221358], [-119.1639656, 35.3207428], [-119.1634575, 35.3202528], [-119.1634573, 35.3201966], [-119.1634687, 35.3180445], [-119.1634736, 35.317248], [-119.1635056, 35.3114265], [-119.1635083, 35.3109936], [-119.163509, 35.3108618], [-119.1832196, 35.3108418], [-119.1839613, 35.3108938], [-119.18459, 35.310966], [-119.185162, 35.311064], [-119.185671, 35.311181], [-119.186171, 35.311318], [-119.186672, 35.311475], [-119.187093, 35.311632], [-119.187498, 35.311801], [-119.188078, 35.312088], [-119.188476, 35.312304], [-119.1889253, 35.3125794], [-119.1893643, 35.312912], [-119.189737, 35.313186], [-119.190063, 35.312858], [-119.196863, 35.318779], [-119.1966068, 35.3189993], [-119.1976357, 35.319917]], [[-119.130245, 35.369092], [-119.13023, 35.370386], [-119.128087, 35.370365], [-119.128089, 35.370153], [-119.128069, 35.369061], [-119.129645, 35.369086], [-119.130245, 35.369092]], [[-119.128202, 35.289089], [-119.1281732, 35.2925963], [-119.128173, 35.292618], [-119.12339, 35.292618], [-119.123399, 35.289085], [-119.128202, 35.289089]], [[-119.127933, 35.374182], [-119.127929, 35.375107], [-119.127929, 35.375317], [-119.125147, 35.375299], [-119.125164, 35.374271], [-119.127933, 35.374182]], [[-119.096546, 35.281667], [-119.0921582, 35.2816312], [-119.092115, 35.2743852], [-119.0955002, 35.2744166], [-119.096539, 35.274402], [-119.096546, 35.281667]], [[-119.0896411, 35.3459738], [-119.0845182, 35.3454202], [-119.0843447, 35.3454516], [-119.0841227, 35.3461165], [-119.0790179, 35.3541689], [-119.0737796, 35.3541456], [-119.0737532, 35.3492601], [-119.0737792, 35.3486087], [-119.0737816, 35.3479584], [-119.0739102, 35.3466571], [-119.0740089, 35.3458526], [-119.0740811, 35.3456163], [-119.0741408, 35.34524], [-119.0744518, 35.3439021], [-119.0748208, 35.3438878], [-119.0751363, 35.3436512], [-119.0769931, 35.3434983], [-119.0794246, 35.3429787], [-119.0803482, 35.3428909], [-119.0823625, 35.3422165], [-119.0834232, 35.3419374], [-119.0837876, 35.3418561], [-119.0839186, 35.3418223], [-119.083968, 35.3429372], [-119.0845177, 35.3431256], [-119.0888711, 35.3436485], [-119.0896411, 35.3459738]], [[-119.0567393, 35.3505269], [-119.0558765, 35.3516461], [-119.0547752, 35.3530644], [-119.052274, 35.353591], [-119.045059, 35.353637], [-119.044577, 35.351325], [-119.043393, 35.350722], [-119.0425846, 35.3520243], [-119.0416561, 35.3515881], [-119.0416754, 35.3508414], [-119.039704, 35.348612], [-119.039354, 35.349479], [-119.0386868, 35.3503471], [-119.037432, 35.35035], [-119.036838, 35.350352], [-119.03425, 35.352506], [-119.033881, 35.35336], [-119.031008, 35.35358], [-119.029882, 35.3531306], [-119.030027, 35.3527359], [-119.029862, 35.352464], [-119.027835, 35.352178], [-119.027435, 35.351459], [-119.025615, 35.351247], [-119.024542, 35.351274], [-119.024003, 35.351257], [-119.0234, 35.350333], [-119.021134, 35.349913], [-119.021133, 35.348349], [-119.021181, 35.347897], [-119.02119, 35.3469886], [-119.022455, 35.346265], [-119.02176, 35.345796], [-119.0212026, 35.343987], [-119.021193, 35.342167], [-119.021195, 35.339445], [-119.023408, 35.340355], [-119.025359, 35.341265], [-119.026213, 35.340361], [-119.027856, 35.340363], [-119.0289266, 35.3394548], [-119.029163, 35.3394555], [-119.029343, 35.33991], [-119.030127, 35.340548], [-119.032695, 35.340486], [-119.0345219, 35.3404587], [-119.0357287, 35.3409088], [-119.033968, 35.3407], [-119.033927, 35.342266], [-119.0364446, 35.3418753], [-119.038958, 35.343091], [-119.0400844, 35.3424503], [-119.0402303, 35.3407969], [-119.0461355, 35.3404517], [-119.0479191, 35.3400967], [-119.048299, 35.341507], [-119.048912, 35.343024], [-119.04911, 35.34395], [-119.0485467, 35.3451776], [-119.048176, 35.346809], [-119.050358, 35.3468332], [-119.051391, 35.346837], [-119.051778, 35.347762], [-119.0522561, 35.3468458], [-119.053742, 35.34778], [-119.055109, 35.346871], [-119.0567393, 35.3505269]], [[-119.020924, 35.338794], [-119.0195374, 35.3394375], [-119.0186024, 35.3394043], [-119.016301, 35.33945], [-119.014378, 35.339451], [-119.0141914, 35.3394511], [-119.0123149, 35.3394523], [-119.01187, 35.3400516], [-119.0118664, 35.3408839], [-119.0142173, 35.3412657], [-119.014423, 35.342294], [-119.015338, 35.34403], [-119.015726, 35.346706], [-119.0149987, 35.346706], [-119.014418, 35.3467063], [-119.0135892, 35.3467069], [-119.011864, 35.346708], [-119.0099297, 35.3467092], [-119.0088132, 35.3467098], [-119.0076665, 35.3467105], [-119.0071894, 35.3467108], [-119.0040946, 35.3467124], [-119.0030184, 35.346713], [-119.0028094, 35.3474715], [-119.000297, 35.347701], [-118.997461, 35.346747], [-118.995569, 35.346196], [-118.9941064, 35.3455549], [-118.992803, 35.344005], [-118.992043, 35.343086], [-118.991198, 35.343083], [-118.990139, 35.342968], [-118.989839, 35.343079], [-118.987, 35.344222], [-118.9854109, 35.3443737], [-118.986996, 35.344442], [-118.988792, 35.344312], [-118.988775, 35.345064], [-118.99001, 35.345108], [-118.992008, 35.345461], [-118.992196, 35.346629], [-118.994193, 35.346715], [-118.9892647, 35.3521836], [-118.985405, 35.3519328], [-118.9851561, 35.3502069], [-118.9820053, 35.3467572], [-118.976464, 35.3485196], [-118.976477, 35.339342], [-118.9810654, 35.3392771], [-118.990151, 35.3393751], [-119.0028622, 35.339351], [-119.0030296, 35.3249386], [-119.004337, 35.325655], [-119.005691, 35.33183], [-119.006907, 35.332196], [-119.010201, 35.3321797], [-119.0127566, 35.33002], [-119.0131183, 35.3305787], [-119.0133464, 35.3309302], [-119.0138506, 35.3316908], [-119.0141165, 35.3320918], [-119.0142961, 35.3321988], [-119.015199, 35.332189], [-119.0163488, 35.3321875], [-119.017139, 35.3321865], [-119.018754, 35.332185], [-119.0207499, 35.3321832], [-119.020909, 35.332956], [-119.02091, 35.334155], [-119.020905, 35.335868], [-119.020914, 35.338337], [-119.020924, 35.338794]], [[-119.010238, 35.315058], [-119.010165, 35.316377], [-119.010036, 35.316402], [-119.010041, 35.316779], [-119.010015, 35.317671], [-119.009001, 35.317672], [-119.0083579, 35.3176739], [-119.008125, 35.317673], [-119.008196, 35.319286], [-119.007284, 35.319257], [-119.007252, 35.320986], [-119.00634, 35.320957], [-119.005453, 35.320273], [-119.00337, 35.318666], [-119.0030499, 35.3186643], [-119.00304, 35.318412], [-119.003042, 35.316717], [-119.0008589, 35.3167047], [-119.0008604, 35.3159104], [-119.0008549, 35.3153214], [-119.0030593, 35.315318], [-119.003044, 35.313781], [-118.99853, 35.313786], [-118.998696, 35.311188], [-118.998645, 35.310421], [-118.9972012, 35.310422], [-118.995974, 35.3104228], [-118.994242, 35.310424], [-118.99428, 35.311824], [-118.993553, 35.311075], [-118.991927, 35.310425], [-118.9915377, 35.3104253], [-118.9906367, 35.3104159], [-118.9900161, 35.310421], [-118.9899704, 35.3093494], [-118.9900074, 35.3088351], [-118.990158, 35.3082041], [-118.9906078, 35.307164], [-118.9907615, 35.3067903], [-118.9910163, 35.3067794], [-118.9914456, 35.3052691], [-118.991409, 35.304981], [-118.9913979, 35.3041334], [-118.991388, 35.304082], [-118.991372, 35.3030116], [-118.9913713, 35.3026369], [-118.99098, 35.2995263], [-118.9944735, 35.2995269], [-118.9944657, 35.2988086], [-118.9964502, 35.2988018], [-118.9964476, 35.2995273], [-119.0032666, 35.2995286], [-119.003048, 35.310418], [-119.004825, 35.310416], [-119.0052231, 35.3104153], [-119.006049, 35.310414], [-119.00606, 35.311243], [-119.00321, 35.311252], [-119.00321, 35.311573], [-119.007472, 35.311548], [-119.0074718, 35.3117175], [-119.00747, 35.313134], [-119.007469, 35.313967], [-119.008391, 35.313986], [-119.009515, 35.313841], [-119.00981, 35.313836], [-119.010171, 35.313833], [-119.010199, 35.314425], [-119.010238, 35.315058]]], [[[-119.014375, 35.332664], [-119.014139, 35.332153], [-119.0139827, 35.3321625], [-119.0133429, 35.33221], [-119.013385, 35.332501], [-119.012986, 35.332524], [-119.012986, 35.332653], [-119.013441, 35.332656], [-119.014375, 35.332664]]]]}}, {"type": "Feature", "properties": {"name": "Berkeley"}, "geometry": {"type": "Polygon", "coordinates": [[[-122.3686918, 37.8698665], [-122.306851, 37.846135], [-122.294702, 37.8488059], [-122.2921823, 37.8492601], [-122.2863159, 37.8504775], [-122.2835514, 37.850576], [-122.2830574, 37.8492721], [-122.281863, 37.8477757], [-122.2761885, 37.8477345], [-122.2692367, 37.8472708], [-122.2639236, 37.852167], [-122.259784, 37.8530013], [-122.2556813, 37.8535067], [-122.2532654, 37.8536955], [-122.2530026, 37.8512793], [-122.25089, 37.8511227], [-122.24918, 37.8514354], [-122.243606, 37.851807], [-122.2342067, 37.8525929], [-122.2345495, 37.8557916], [-122.2380282, 37.8575704], [-122.2418497, 37.8573448], [-122.2430027, 37.8586952], [-122.2446311, 37.8648165], [-122.2450019, 37.8684585], [-122.2457008, 37.8746029], [-122.2465613, 37.8822776], [-122.249176, 37.887094], [-122.2500419, 37.8934765], [-122.2526771, 37.8943212], [-122.2534066, 37.8962126], [-122.2561211, 37.8964325], [-122.2563776, 37.8993496], [-122.2573347, 37.8997134], [-122.2605173, 37.8996849], [-122.2611864, 37.9010758], [-122.2623354, 37.9017248], [-122.2638439, 37.9036463], [-122.2650088, 37.9040882], [-122.2671227, 37.9044954], [-122.2685398, 37.9039537], [-122.2697843, 37.9045352], [-122.2725749, 37.9062726], [-122.2762705, 37.9035294], [-122.2773733, 37.9018839], [-122.2794868, 37.9007561], [-122.2822456, 37.9003025], [-122.2844415, 37.8992208], [-122.2870457, 37.8910511], [-122.2826842, 37.8850532], [-122.2819281, 37.8845656], [-122.2837641, 37.882364], [-122.2854755, 37.8824867], [-122.2871295, 37.882556], [-122.2894708, 37.8831513], [-122.2910901, 37.88309], [-122.2922006, 37.882944], [-122.2942434, 37.882668], [-122.2969502, 37.8834253], [-122.2988622, 37.8828818], [-122.3036006, 37.8821929], [-122.3053876, 37.8820597], [-122.3077614, 37.8818341], [-122.3686918, 37.8698665]]]}}, {"type": "Feature", "properties": {"name": "Palo Alto"}, "geometry": {"type": "Polygon", "coordinates": [[[-122.2026647, 37.3605937], [-122.1989598, 37.3552862], [-122.1959606, 37.3508566], [-122.1910464, 37.3435855], [-122.1857411, 37.3385842], [-122.1826047, 37.3327874], [-122.1761603, 37.3267888], [-122.1792406, 37.3175131], [-122.1763794, 37.313043], [-122.1722173, 37.3122708], [-122.1702196, 37.3110117], [-122.1677119, 37.3072933], [-122.1654031, 37.3056743], [-122.1631928, 37.3050876], [-122.1629989, 37.3036596], [-122.1637184, 37.3011228], [-122.1637787, 37.2994357], [-122.1629034, 37.2937552], [-122.1525457, 37.2876789], [-122.1726471, 37.3579285], [-122.1711502, 37.3608346], [-122.1703513, 37.3621616], [-122.1703708, 37.3629421], [-122.1715435, 37.3664327], [-122.1446458, 37.3938565], [-122.1322165, 37.3909878], [-122.1274175, 37.3917337], [-122.1291265, 37.3953926], [-122.1264205, 37.3979898], [-122.1227307, 37.4039816], [-122.1144457, 37.4064582], [-122.1171511, 37.4105803], [-122.105537, 37.4106251], [-122.1007639, 37.4297841], [-122.0978024, 37.4397256], [-122.0965624, 37.4624356], [-122.1233346, 37.4594778], [-122.1223498, 37.4533983], [-122.1260233, 37.4535892], [-122.1290116, 37.4520888], [-122.132381, 37.4540783], [-122.1364663, 37.4543442], [-122.1407284, 37.4567369], [-122.1454604, 37.4581087], [-122.1479897, 37.4568646], [-122.1517824, 37.4571356], [-122.1532798, 37.4568165], [-122.1560119, 37.4553536], [-122.1563367, 37.4542969], [-122.1571666, 37.4534676], [-122.1589358, 37.4546291], [-122.1606632, 37.4539438], [-122.1627369, 37.4531587], [-122.1637554, 37.4525534], [-122.1653164, 37.4524139], [-122.1675478, 37.4507856], [-122.1689952, 37.44715], [-122.1709364, 37.4469452], [-122.17318, 37.4455016], [-122.1749006, 37.443182], [-122.176875, 37.4414478], [-122.1793832, 37.4402149], [-122.1827216, 37.4378005], [-122.1864179, 37.4336181], [-122.1903515, 37.4315473], [-122.1744433, 37.4320167], [-122.1657472, 37.4416186], [-122.1601117, 37.4370408], [-122.153876, 37.4052344], [-122.1722951, 37.3904771], [-122.1896275, 37.3789946], [-122.2016273, 37.3696959], [-122.2014751, 37.3664623], [-122.2017609, 37.3653794], [-122.2021845, 37.3639173], [-122.2023203, 37.3632439], [-122.2026647, 37.3605937]]]}}, {"type": "Feature", "properties": {"name": "Hayward"}, "geometry": {"type": "Polygon", "coordinates": [[[-122.217547, 37.6301063], [-122.1183639, 37.570071], [-122.1100435, 37.5664036], [-122.1056936, 37.5628054], [-122.1011348, 37.5629821], [-122.0929665, 37.5670167], [-122.0858974, 37.5741569], [-122.0919615, 37.5848764], [-122.0911721, 37.5943025], [-122.090773, 37.6012577], [-122.0883767, 37.6091428], [-122.0804674, 37.6118152], [-122.0777268, 37.6137676], [-122.0677721, 37.6130901], [-122.0686222, 37.6057391], [-122.0518433, 37.6059937], [-122.0347622, 37.6059516], [-122.0290156, 37.6090392], [-122.0276973, 37.6137253], [-122.0213123, 37.6319931], [-121.987003, 37.6212817], [-121.9956797, 37.6653302], [-121.9989356, 37.6680277], [-121.949813, 37.6508526], [-121.9229253, 37.6646973], [-121.9962118, 37.6800652], [-122.0074826, 37.6743042], [-122.0239793, 37.6620717], [-122.0348787, 37.657737], [-122.0295267, 37.6620102], [-122.0274533, 37.6636986], [-122.0280213, 37.6674767], [-122.0408534, 37.6653794], [-122.0480426, 37.66573], [-122.0529004, 37.6669219], [-122.0581534, 37.6671221], [-122.0614705, 37.6677651], [-122.0656549, 37.6691851], [-122.0649306, 37.6716701], [-122.0672863, 37.6723851], [-122.0662701, 37.6748745], [-122.0644725, 37.6766455], [-122.0651357, 37.6789268], [-122.0591479, 37.6819882], [-122.056917, 37.6868843], [-122.0597246, 37.6866478], [-122.0637931, 37.6840638], [-122.0654808, 37.6849618], [-122.0677815, 37.6842479], [-122.068537, 37.6842622], [-122.0684648, 37.6838738], [-122.0709728, 37.6836512], [-122.0717629, 37.6808057], [-122.0744224, 37.6804017], [-122.0747642, 37.6796517], [-122.077076, 37.6790666], [-122.0784812, 37.6796535], [-122.0807188, 37.6816784], [-122.0893852, 37.6842901], [-122.0895901, 37.6856054], [-122.087344, 37.687617], [-122.0884933, 37.689625], [-122.0923253, 37.6897118], [-122.0926228, 37.6853457], [-122.0914769, 37.682672], [-122.0917161, 37.6809502], [-122.0938863, 37.6787964], [-122.0937532, 37.6745673], [-122.0976422, 37.6778427], [-122.0990481, 37.6719469], [-122.095787, 37.669135], [-122.0966469, 37.6682311], [-122.0984254, 37.6677723], [-122.1003394, 37.6673989], [-122.1076517, 37.6703012], [-122.1037177, 37.6667043], [-122.1071295, 37.6663234], [-122.1105563, 37.6662544], [-122.1230731, 37.668118], [-122.1449333, 37.6611538], [-122.217547, 37.6301063]]]}}, {"type": "Feature", "properties": {"name": "Santa Rosa"}, "geometry": {"type": "MultiPolygon", "coordinates": [[[[-122.834437, 38.450847], [-122.834416, 38.445168], [-122.834005, 38.445168], [-122.831724, 38.445168], [-122.826493, 38.445168], [-122.823971, 38.445168], [-122.819187, 38.445168], [-122.816979, 38.445141], [-122.816002, 38.445129], [-122.816039, 38.445436], [-122.816051, 38.445539], [-122.816425, 38.445539], [-122.81752, 38.445792], [-122.818216, 38.446104], [-122.818938, 38.446494], [-122.820058, 38.446942], [-122.8217, 38.447332], [-122.824114, 38.447839], [-122.829116, 38.448852], [-122.831554, 38.449339], [-122.832724, 38.449632], [-122.83352, 38.449963], [-122.833494, 38.450155], [-122.834057, 38.450551], [-122.834437, 38.450847]]], [[[-122.830302, 38.430562], [-122.830079, 38.430446], [-122.829883, 38.43027], [-122.829785, 38.430128], [-122.829715, 38.429902], [-122.829674, 38.428328], [-122.829631, 38.42665], [-122.829515, 38.42581], [-122.829459, 38.425795], [-122.829438, 38.42579], [-122.829379, 38.425777], [-122.829323, 38.425761], [-122.829298, 38.425754], [-122.829155, 38.425721], [-122.829099, 38.425709], [-122.829048, 38.425697], [-122.828991, 38.425686], [-122.828693, 38.425631], [-122.828667, 38.425626], [-122.82856, 38.425606], [-122.828475, 38.42559], [-122.827925, 38.425499], [-122.82775, 38.42547], [-122.826971, 38.425357], [-122.82602, 38.425194], [-122.825917, 38.425177], [-122.825395, 38.425044], [-122.824716, 38.424866], [-122.824467, 38.424794], [-122.82441, 38.424778], [-122.823994, 38.424664], [-122.823274, 38.424483], [-122.822386, 38.424253], [-122.82201, 38.424161], [-122.821678, 38.424074], [-122.820749, 38.423833], [-122.82068, 38.423815], [-122.820556, 38.423783], [-122.820543, 38.423938], [-122.820526, 38.425383], [-122.820501, 38.425445], [-122.82047, 38.425517], [-122.82057, 38.425527], [-122.820665, 38.426924], [-122.820656, 38.428137], [-122.823028, 38.430571], [-122.825054, 38.430557], [-122.825172, 38.430563], [-122.825279, 38.430565], [-122.829026, 38.430554], [-122.829584, 38.430549], [-122.829745, 38.430541], [-122.830302, 38.430562]]], [[[-122.822707, 38.430587], [-122.822284, 38.430135], [-122.820917, 38.428674], [-122.820543, 38.428313], [-122.820528, 38.430478], [-122.820514, 38.430557], [-122.822707, 38.430587]]], [[[-122.815776, 38.403471], [-122.81552, 38.403155], [-122.815557, 38.401645], [-122.815559, 38.40157], [-122.809945, 38.404059], [-122.809998, 38.404117], [-122.810039, 38.404222], [-122.809453, 38.404459], [-122.808149, 38.405036], [-122.807784, 38.405102], [-122.806958, 38.405584], [-122.806846, 38.405519], [-122.806807, 38.405496], [-122.806278, 38.405703], [-122.804917, 38.40631], [-122.803745, 38.406799], [-122.80244, 38.407362], [-122.801344, 38.407821], [-122.800796, 38.408088], [-122.800519, 38.408244], [-122.799983, 38.408547], [-122.799462, 38.408857], [-122.79881, 38.409243], [-122.798282, 38.409569], [-122.798392, 38.409654], [-122.799589, 38.409191], [-122.799799, 38.40911], [-122.800004, 38.409031], [-122.800201, 38.408965], [-122.800794, 38.408771], [-122.800992, 38.408707], [-122.801238, 38.408618], [-122.801284, 38.408599], [-122.801425, 38.408544], [-122.80144, 38.408538], [-122.801402, 38.408497], [-122.801215, 38.40832], [-122.801039, 38.40816], [-122.801059, 38.408151], [-122.801191, 38.40809], [-122.801623, 38.408473], [-122.801822, 38.408403], [-122.802875, 38.408036], [-122.803226, 38.407914], [-122.803287, 38.407889], [-122.80347, 38.407813], [-122.803532, 38.407789], [-122.80375, 38.407708], [-122.804405, 38.407467], [-122.804624, 38.407388], [-122.804975, 38.407267], [-122.806028, 38.406906], [-122.80638, 38.406786], [-122.806469, 38.406754], [-122.806737, 38.406659], [-122.806827, 38.406628], [-122.806886, 38.406608], [-122.807066, 38.406547], [-122.807126, 38.406528], [-122.807147, 38.406519], [-122.80721, 38.406496], [-122.807232, 38.406489], [-122.807727, 38.406311], [-122.808209, 38.406139], [-122.809212, 38.405778], [-122.809707, 38.405601], [-122.80997, 38.405507], [-122.810759, 38.405225], [-122.810816, 38.405205], [-122.811017, 38.405118], [-122.81119, 38.405053], [-122.811709, 38.404857], [-122.811883, 38.404793], [-122.8124, 38.404617], [-122.813441, 38.404266], [-122.815776, 38.403471]]], [[[-122.815666, 38.399905], [-122.815665, 38.39976], [-122.81557, 38.399375], [-122.815362, 38.399153], [-122.815022, 38.398886], [-122.814172, 38.398026], [-122.813624, 38.397507], [-122.813397, 38.397507], [-122.813264, 38.396707], [-122.812791, 38.396679], [-122.812263, 38.396811], [-122.811418, 38.397008], [-122.8111, 38.397082], [-122.811034, 38.39709], [-122.806439, 38.398165], [-122.793791, 38.401121], [-122.79404, 38.401371], [-122.800947, 38.407846], [-122.803734, 38.406612], [-122.807646, 38.404882], [-122.813204, 38.402423], [-122.815566, 38.401377], [-122.815612, 38.401193], [-122.815665, 38.401018], [-122.815645, 38.400826], [-122.815665, 38.400441], [-122.815665, 38.400338], [-122.815664, 38.400145], [-122.815666, 38.399905]]], [[[-122.81277, 38.405422], [-122.812412, 38.404843], [-122.812099, 38.405014], [-122.811277, 38.405334], [-122.810797, 38.405502], [-122.810254, 38.407108], [-122.809344, 38.407471], [-122.80759, 38.40784], [-122.807571, 38.406465], [-122.807389, 38.407831], [-122.807108, 38.408009], [-122.806824, 38.406905], [-122.806052, 38.40718], [-122.804761, 38.40764], [-122.803853, 38.407957], [-122.803563, 38.408059], [-122.803314, 38.408153], [-122.8034, 38.410035], [-122.803475, 38.415139], [-122.803523, 38.418346], [-122.803542, 38.418982], [-122.803484, 38.419619], [-122.801783, 38.419635], [-122.801071, 38.419618], [-122.800447, 38.419625], [-122.800357, 38.419602], [-122.798807, 38.419644], [-122.796158, 38.419658], [-122.794997, 38.419752], [-122.795009, 38.423319], [-122.796718, 38.42331], [-122.799152, 38.423298], [-122.801355, 38.423283], [-122.803034, 38.423285], [-122.804747, 38.423268], [-122.806307, 38.423269], [-122.806744, 38.423262], [-122.807295, 38.423259], [-122.808059, 38.423261], [-122.808556, 38.42326], [-122.808532, 38.42276], [-122.808893, 38.422729], [-122.80963, 38.420598], [-122.809629, 38.421664], [-122.809628, 38.423256], [-122.80993, 38.423255], [-122.810519, 38.423254], [-122.81053, 38.421207], [-122.811228, 38.41962], [-122.812077, 38.419406], [-122.810158, 38.417353], [-122.81148, 38.418594], [-122.812579, 38.41962], [-122.812597, 38.409055], [-122.811012, 38.409068], [-122.810999, 38.406975], [-122.811058, 38.406831], [-122.812352, 38.406818], [-122.812353, 38.405617], [-122.812481, 38.405614], [-122.812417, 38.409012], [-122.812584, 38.407277], [-122.812563, 38.405659], [-122.81277, 38.405422]]], [[[-122.800774, 38.407922], [-122.800278, 38.407438], [-122.793226, 38.40082], [-122.792413, 38.400053], [-122.791971, 38.400153], [-122.789617, 38.400711], [-122.789236, 38.400802], [-122.788785, 38.400902], [-122.788658, 38.40093], [-122.788228, 38.401013], [-122.787626, 38.401148], [-122.787783, 38.40128], [-122.787917, 38.401393], [-122.788043, 38.401493], [-122.788101, 38.401546], [-122.788205, 38.40166], [-122.788234, 38.4017], [-122.78825, 38.401721], [-122.78835, 38.401871], [-122.788811, 38.402565], [-122.789437, 38.403534], [-122.78953, 38.403678], [-122.78962, 38.403818], [-122.790172, 38.40465], [-122.790742, 38.405498], [-122.791096, 38.406015], [-122.791218, 38.406209], [-122.791365, 38.406428], [-122.792026, 38.407396], [-122.792838, 38.408621], [-122.792898, 38.408713], [-122.793139, 38.409055], [-122.793209, 38.409154], [-122.794235, 38.410694], [-122.794269, 38.410745], [-122.794329, 38.410857], [-122.794588, 38.410736], [-122.795394, 38.410422], [-122.796891, 38.409809], [-122.797972, 38.409384], [-122.798524, 38.409158], [-122.799173, 38.408839], [-122.799742, 38.408535], [-122.80009, 38.408365], [-122.800415, 38.408182], [-122.800435, 38.408172], [-122.800637, 38.40807], [-122.800578, 38.408009], [-122.800774, 38.407922]]], [[[-122.798058, 38.385166], [-122.797887, 38.385016], [-122.797448, 38.38467], [-122.797303, 38.384547], [-122.79707, 38.384348], [-122.796935, 38.384252], [-122.796606, 38.384018], [-122.796319, 38.38376], [-122.796174, 38.383347], [-122.795874, 38.383056], [-122.795725, 38.382991], [-122.795455, 38.382874], [-122.795008, 38.382578], [-122.794848, 38.382484], [-122.794645, 38.382479], [-122.794603, 38.382501], [-122.794513, 38.382583], [-122.794443, 38.382578], [-122.794215, 38.382413], [-122.794155, 38.38237], [-122.794108, 38.382336], [-122.790669, 38.382759], [-122.787571, 38.383124], [-122.787638, 38.385797], [-122.787665, 38.386855], [-122.781106, 38.386971], [-122.779984, 38.387701], [-122.781978, 38.389684], [-122.785115, 38.392797], [-122.785003, 38.392872], [-122.784981, 38.392885], [-122.78284, 38.390752], [-122.779854, 38.387785], [-122.779623, 38.387921], [-122.77865, 38.388497], [-122.774252, 38.388579], [-122.772357, 38.388612], [-122.77328, 38.389372], [-122.773699, 38.389722], [-122.773999, 38.389972], [-122.774254, 38.390183], [-122.775279, 38.39103], [-122.776719, 38.392219], [-122.778356, 38.393571], [-122.778925, 38.394041], [-122.77938, 38.39442], [-122.779654, 38.394648], [-122.780177, 38.395079], [-122.780174, 38.395097], [-122.7781, 38.396541], [-122.778971, 38.397292], [-122.779327, 38.397603], [-122.7814, 38.396127], [-122.78147, 38.396137], [-122.781669, 38.396299], [-122.781807, 38.396411], [-122.781984, 38.396555], [-122.782516, 38.396988], [-122.782694, 38.397133], [-122.782768, 38.397193], [-122.7828174, 38.3971758], [-122.78294, 38.397133], [-122.785454, 38.396253], [-122.785949, 38.396078], [-122.784786, 38.395082], [-122.78652, 38.394418], [-122.797147, 38.390653], [-122.797376, 38.390569], [-122.797275, 38.389261], [-122.797202, 38.387996], [-122.797077, 38.386709], [-122.797869, 38.386074], [-122.797946, 38.385819], [-122.797967, 38.385732], [-122.797904, 38.385589], [-122.797904, 38.385429], [-122.797946, 38.385336], [-122.798058, 38.385166]]], [[[-122.797573, 38.4100196], [-122.7975593, 38.4100063], [-122.7973525, 38.4101233], [-122.7969178, 38.4102783], [-122.7956611, 38.410992], [-122.7952316, 38.4113501], [-122.7966123, 38.4105304], [-122.796668, 38.410585], [-122.7974645, 38.4101077], [-122.7974514, 38.4100929], [-122.797573, 38.4100196]]], [[[-122.790553, 38.445221], [-122.790529, 38.442732], [-122.789252, 38.442749], [-122.788081, 38.44365], [-122.788119, 38.444244], [-122.788183, 38.445242], [-122.790553, 38.445221]]], [[[-122.787849, 38.4014099], [-122.7877418, 38.4013173], [-122.7875309, 38.4014912], [-122.7876419, 38.4015799], [-122.787849, 38.4014099]]], [[[-122.778848, 38.45981], [-122.772834, 38.451099], [-122.773503, 38.430526], [-122.771749, 38.424258], [-122.768921, 38.421289], [-122.768852, 38.413616], [-122.768789, 38.404654], [-122.753267, 38.403491], [-122.755731, 38.407023], [-122.751328, 38.40868], [-122.74144, 38.408021], [-122.741457, 38.404753], [-122.737061, 38.401833], [-122.730148, 38.401823], [-122.720959, 38.396979], [-122.718066, 38.401829], [-122.713196, 38.401799], [-122.708746, 38.404863], [-122.703849, 38.409125], [-122.704263, 38.411191], [-122.697794, 38.41434], [-122.692834, 38.417393], [-122.687317, 38.41652], [-122.689839, 38.423726], [-122.684563, 38.429801], [-122.681784, 38.43195], [-122.678415, 38.43073], [-122.676012, 38.427626], [-122.67376, 38.424097], [-122.671103, 38.422075], [-122.670205, 38.416603], [-122.657227, 38.417874], [-122.648793, 38.440182], [-122.651277, 38.442845], [-122.64118, 38.455629], [-122.636585, 38.451643], [-122.624938, 38.447707], [-122.622205, 38.446288], [-122.609221, 38.43431], [-122.581084, 38.416988], [-122.578187, 38.435469], [-122.576637, 38.440527], [-122.574641, 38.447872], [-122.588118, 38.439393], [-122.597109, 38.441578], [-122.607174, 38.446274], [-122.618929, 38.451764], [-122.626981, 38.455503], [-122.631009, 38.459642], [-122.627882, 38.463335], [-122.62567, 38.46538], [-122.628219, 38.466626], [-122.627055, 38.468442], [-122.634144, 38.478333], [-122.651632, 38.483483], [-122.658617, 38.483733], [-122.663418, 38.484856], [-122.671892, 38.482176], [-122.673325, 38.482794], [-122.677085, 38.484737], [-122.680561, 38.484142], [-122.680187, 38.481576], [-122.679123, 38.478225], [-122.697339, 38.496644], [-122.698606, 38.495498], [-122.713442, 38.496871], [-122.714261, 38.500395], [-122.714149, 38.503283], [-122.716907, 38.505602], [-122.7193, 38.508176], [-122.723425, 38.503837], [-122.734635, 38.502057], [-122.72329, 38.482354], [-122.733369, 38.48189], [-122.738264, 38.483691], [-122.751261, 38.482801], [-122.760493, 38.481309], [-122.765099, 38.481621], [-122.769779, 38.474452], [-122.766027, 38.473046], [-122.769736, 38.469231], [-122.772985, 38.462862], [-122.778848, 38.45981]], [[-122.769647, 38.458522], [-122.769635, 38.459155], [-122.769641, 38.459556], [-122.768881, 38.459548], [-122.768884, 38.459589], [-122.768907, 38.459868], [-122.766767, 38.459869], [-122.766342, 38.459876], [-122.766312, 38.459575], [-122.766298, 38.458612], [-122.766296, 38.458538], [-122.769647, 38.458522]], [[-122.767363, 38.449907], [-122.767357, 38.449997], [-122.767357, 38.450168], [-122.767338, 38.450235], [-122.767344, 38.451019], [-122.767338, 38.451247], [-122.767357, 38.451385], [-122.767357, 38.451751], [-122.767348, 38.451864], [-122.767338, 38.451951], [-122.767114, 38.451952], [-122.766967, 38.451951], [-122.766266, 38.451946], [-122.76611, 38.451948], [-122.76611, 38.45196], [-122.76611, 38.451975], [-122.766111, 38.45202], [-122.766112, 38.452036], [-122.766112, 38.452065], [-122.766114, 38.452096], [-122.76566, 38.452101], [-122.76544, 38.4521], [-122.76544, 38.452048], [-122.765435, 38.45186], [-122.765446, 38.451801], [-122.765445, 38.451784], [-122.76545, 38.45174], [-122.765467, 38.451741], [-122.766107, 38.451738], [-122.766105, 38.451541], [-122.766104, 38.451338], [-122.766101, 38.451185], [-122.766104, 38.450874], [-122.766114, 38.450637], [-122.76611, 38.450498], [-122.76611, 38.450287], [-122.76611, 38.450239], [-122.766066, 38.449941], [-122.766064, 38.449873], [-122.766153, 38.449882], [-122.767027, 38.4499], [-122.767363, 38.449907]], [[-122.764587, 38.459817], [-122.764587, 38.459834], [-122.760449, 38.459845], [-122.760449, 38.459385], [-122.760449, 38.45929], [-122.76045, 38.459194], [-122.760441, 38.459116], [-122.760429, 38.45791], [-122.760434, 38.457361], [-122.761462, 38.45735], [-122.762356, 38.457333], [-122.763568, 38.457304], [-122.763561, 38.456954], [-122.764448, 38.456933], [-122.764537, 38.456885], [-122.764539, 38.45693], [-122.764539, 38.456941], [-122.764538, 38.45709], [-122.764538, 38.457385], [-122.764547, 38.457705], [-122.76455, 38.457791], [-122.764547, 38.457911], [-122.764545, 38.457978], [-122.764554, 38.45805], [-122.764564, 38.458341], [-122.764564, 38.45847], [-122.764565, 38.458611], [-122.764565, 38.458648], [-122.764566, 38.458728], [-122.764573, 38.459081], [-122.764576, 38.459199], [-122.764577, 38.459266], [-122.76458, 38.459467], [-122.764582, 38.459535], [-122.764584, 38.459668], [-122.764587, 38.459817]], [[-122.760413, 38.464577], [-122.759628, 38.464577], [-122.759092, 38.464576], [-122.758661, 38.464577], [-122.758659, 38.465482], [-122.75865, 38.46629], [-122.7585, 38.466282], [-122.7585, 38.465847], [-122.757654, 38.465829], [-122.757641, 38.465845], [-122.757621, 38.465875], [-122.757242, 38.465878], [-122.756974, 38.465875], [-122.756512, 38.465811], [-122.756536, 38.464927], [-122.756546, 38.464562], [-122.755574, 38.464567], [-122.75512, 38.464566], [-122.754823, 38.46457], [-122.754076, 38.464572], [-122.752592, 38.464571], [-122.752594, 38.46363], [-122.752592, 38.463231], [-122.751908, 38.463225], [-122.751263, 38.46322], [-122.75126, 38.462733], [-122.751257, 38.462352], [-122.751623, 38.462351], [-122.752271, 38.46235], [-122.752723, 38.462352], [-122.75309, 38.462354], [-122.753193, 38.462354], [-122.753282, 38.462354], [-122.753503, 38.462355], [-122.753607, 38.462356], [-122.753686, 38.462356], [-122.753926, 38.462359], [-122.754006, 38.46236], [-122.754053, 38.46236], [-122.754196, 38.46236], [-122.754244, 38.462361], [-122.754309, 38.462361], [-122.754504, 38.462361], [-122.754569, 38.462362], [-122.754653, 38.462361], [-122.754906, 38.462361], [-122.754991, 38.462361], [-122.755291, 38.46236], [-122.755757, 38.462359], [-122.755759, 38.462527], [-122.755767, 38.46304], [-122.756149, 38.46304], [-122.756194, 38.463001], [-122.756223, 38.462953], [-122.756249, 38.462888], [-122.756298, 38.462799], [-122.756323, 38.46275], [-122.756377, 38.46263], [-122.756423, 38.462549], [-122.756456, 38.462498], [-122.75652, 38.462428], [-122.756605, 38.462422], [-122.756599, 38.462366], [-122.756595, 38.462166], [-122.756586, 38.461566], [-122.756583, 38.461367], [-122.756637, 38.461366], [-122.756798, 38.461363], [-122.756853, 38.461363], [-122.75688, 38.461713], [-122.756885, 38.46177], [-122.757634, 38.461771], [-122.757662, 38.462017], [-122.757702, 38.462367], [-122.75771, 38.462425], [-122.757884, 38.462425], [-122.757943, 38.462425], [-122.758075, 38.462428], [-122.758215, 38.462432], [-122.758261, 38.462431], [-122.758263, 38.46257], [-122.758279, 38.462905], [-122.758605, 38.462896], [-122.758824, 38.462887], [-122.758846, 38.462897], [-122.758823, 38.463049], [-122.758849, 38.463536], [-122.758835, 38.46372], [-122.758839, 38.463782], [-122.758472, 38.463779], [-122.758321, 38.463779], [-122.758326, 38.463886], [-122.75839, 38.463886], [-122.758906, 38.463887], [-122.759079, 38.463888], [-122.759335, 38.463892], [-122.760104, 38.463906], [-122.760361, 38.463911], [-122.760381, 38.464174], [-122.760413, 38.464577]], [[-122.759776, 38.461645], [-122.759565, 38.461647], [-122.758643, 38.461653], [-122.75855, 38.461655], [-122.758549, 38.46162], [-122.758546, 38.461297], [-122.758497, 38.461297], [-122.757336, 38.461297], [-122.757338, 38.461207], [-122.757336, 38.460912], [-122.757001, 38.460909], [-122.756585, 38.460899], [-122.756581, 38.460777], [-122.75657, 38.460411], [-122.756567, 38.460289], [-122.756562, 38.46], [-122.756547, 38.45984], [-122.758491, 38.459836], [-122.758537, 38.459853], [-122.758636, 38.45984], [-122.759717, 38.459843], [-122.759724, 38.46002], [-122.759736, 38.460351], [-122.759491, 38.460356], [-122.759499, 38.460589], [-122.759492, 38.460916], [-122.759752, 38.460925], [-122.759764, 38.461138], [-122.759776, 38.461645]], [[-122.753, 38.459834], [-122.752479, 38.460424], [-122.752141, 38.460804], [-122.751792, 38.461195], [-122.751717, 38.461245], [-122.751675, 38.461273], [-122.751621, 38.461312], [-122.75134, 38.461427], [-122.751329, 38.461359], [-122.75133, 38.461187], [-122.751329, 38.461174], [-122.751323, 38.461151], [-122.751319, 38.4611], [-122.751312, 38.461032], [-122.751324, 38.460554], [-122.751318, 38.460367], [-122.751312, 38.459934], [-122.751392, 38.459852], [-122.751415, 38.45982], [-122.751815, 38.459834], [-122.752218, 38.459834], [-122.752767, 38.459834], [-122.752889, 38.459833], [-122.753, 38.459834]], [[-122.751048, 38.461752], [-122.751018, 38.462346], [-122.750985, 38.462359], [-122.750992, 38.462649], [-122.751007, 38.463227], [-122.749693, 38.463219], [-122.749653, 38.46311], [-122.749653, 38.463046], [-122.749726, 38.462931], [-122.749766, 38.462847], [-122.749906, 38.462719], [-122.749946, 38.46263], [-122.75002, 38.462408], [-122.750102, 38.462106], [-122.750183, 38.46206], [-122.75042, 38.462009], [-122.750495, 38.461894], [-122.750575, 38.461811], [-122.750665, 38.46176], [-122.75103, 38.461742], [-122.751048, 38.461752]], [[-122.749969, 38.455019], [-122.749601, 38.455017], [-122.749602, 38.455006], [-122.747209, 38.455017], [-122.747256, 38.454249], [-122.748795, 38.454159], [-122.749605, 38.454113], [-122.749901, 38.454102], [-122.749895, 38.454638], [-122.749937, 38.454674], [-122.749959, 38.454696], [-122.74996, 38.454826], [-122.749969, 38.455019]], [[-122.743685, 38.445212], [-122.743665, 38.445212], [-122.743648, 38.445212], [-122.743393, 38.445212], [-122.743143, 38.44525], [-122.742898, 38.445273], [-122.742648, 38.445298], [-122.742456, 38.445305], [-122.741883, 38.445327], [-122.741692, 38.445335], [-122.741318, 38.445351], [-122.741041, 38.445363], [-122.740534, 38.445362], [-122.740196, 38.445372], [-122.739822, 38.445384], [-122.739807, 38.445223], [-122.739784, 38.444975], [-122.739549, 38.44496], [-122.739388, 38.44495], [-122.739393, 38.445011], [-122.739396, 38.44504], [-122.739423, 38.445254], [-122.739432, 38.445311], [-122.739446, 38.445402], [-122.739305, 38.445412], [-122.739011, 38.445433], [-122.738987, 38.445434], [-122.738975, 38.445328], [-122.738969, 38.445267], [-122.73892, 38.444757], [-122.738489, 38.444771], [-122.738501, 38.444942], [-122.738527, 38.445358], [-122.7383, 38.445371], [-122.738306, 38.445471], [-122.738067, 38.445481], [-122.737353, 38.445514], [-122.737166, 38.445523], [-122.737155, 38.445428], [-122.737111, 38.44485], [-122.736398, 38.444875], [-122.735895, 38.444893], [-122.735964, 38.445362], [-122.735978, 38.445465], [-122.735992, 38.44557], [-122.735909, 38.445574], [-122.735864, 38.445576], [-122.735528, 38.445588], [-122.735375, 38.445594], [-122.734522, 38.445618], [-122.734337, 38.445624], [-122.734187, 38.445632], [-122.734171, 38.445484], [-122.734141, 38.445209], [-122.734127, 38.445043], [-122.734115, 38.444896], [-122.734106, 38.444734], [-122.734101, 38.444618], [-122.734066, 38.444249], [-122.734051, 38.444088], [-122.734045, 38.444018], [-122.73403, 38.443808], [-122.734025, 38.443738], [-122.734434, 38.443726], [-122.734438, 38.443626], [-122.734426, 38.44349], [-122.734828, 38.443469], [-122.734791, 38.443061], [-122.738623, 38.442901], [-122.739284, 38.442853], [-122.743367, 38.442702], [-122.743644, 38.444906], [-122.743668, 38.445107], [-122.743685, 38.445212]], [[-122.713491, 38.422174], [-122.713328, 38.422171], [-122.713274, 38.42217], [-122.712267, 38.42217], [-122.712261, 38.42171], [-122.712343, 38.421707], [-122.712335, 38.421473], [-122.712334, 38.421323], [-122.712333, 38.421272], [-122.712375, 38.421257], [-122.71254, 38.421204], [-122.712692, 38.421165], [-122.71287, 38.421132], [-122.712955, 38.421122], [-122.712976, 38.42153], [-122.713292, 38.421523], [-122.713483, 38.421519], [-122.713481, 38.421726], [-122.713487, 38.422062], [-122.713491, 38.422174]], [[-122.706108, 38.423432], [-122.705116, 38.423795], [-122.701329, 38.425178], [-122.700068, 38.42564], [-122.7, 38.425654], [-122.699949, 38.425665], [-122.699801, 38.42571], [-122.699735, 38.425731], [-122.699698, 38.425742], [-122.699552, 38.425795], [-122.699582, 38.424212], [-122.699582, 38.424169], [-122.699583, 38.42404], [-122.699584, 38.423998], [-122.699583, 38.423838], [-122.699582, 38.423678], [-122.699581, 38.423373], [-122.699574, 38.421672], [-122.700061, 38.421658], [-122.702988, 38.421633], [-122.704788, 38.421616], [-122.705021, 38.421614], [-122.705352, 38.421746], [-122.705342, 38.421897], [-122.705346, 38.422146], [-122.705352, 38.422475], [-122.70569, 38.422478], [-122.705694, 38.422509], [-122.705719, 38.422588], [-122.705754, 38.422657], [-122.705759, 38.422687], [-122.705755, 38.422714], [-122.705744, 38.422745], [-122.705753, 38.422777], [-122.706108, 38.423432]], [[-122.704873, 38.479985], [-122.704872, 38.480035], [-122.704869, 38.480196], [-122.704863, 38.480318], [-122.704855, 38.480453], [-122.704854, 38.480479], [-122.704851, 38.480554], [-122.703662, 38.48055], [-122.703656, 38.480006], [-122.703524, 38.480005], [-122.703524, 38.479786], [-122.70352, 38.479751], [-122.703524, 38.479358], [-122.70352, 38.479256], [-122.703516, 38.479242], [-122.703649, 38.479243], [-122.704777, 38.479235], [-122.704865, 38.479237], [-122.704864, 38.479274], [-122.704867, 38.479623], [-122.704873, 38.479985]], [[-122.702784, 38.472167], [-122.702186, 38.474567], [-122.702172, 38.474638], [-122.700782, 38.47466], [-122.700977, 38.473855], [-122.701288, 38.472592], [-122.701314, 38.472572], [-122.701499, 38.472597], [-122.701587, 38.472268], [-122.701646, 38.472066], [-122.702184, 38.472152], [-122.702266, 38.472161], [-122.702292, 38.472091], [-122.702651, 38.472139], [-122.702784, 38.472167]], [[-122.701189, 38.457498], [-122.700989, 38.457678], [-122.700398, 38.458201], [-122.700346, 38.458247], [-122.700651, 38.458385], [-122.70068, 38.458398], [-122.700721, 38.458431], [-122.70075, 38.458478], [-122.700757, 38.458523], [-122.700741, 38.45856], [-122.700715, 38.458588], [-122.700667, 38.458612], [-122.700613, 38.458619], [-122.700576, 38.458614], [-122.700458, 38.458581], [-122.700312, 38.458542], [-122.700192, 38.458534], [-122.700072, 38.458539], [-122.699955, 38.458559], [-122.69982, 38.4586], [-122.699725, 38.458644], [-122.699555, 38.458742], [-122.699475, 38.458771], [-122.699448, 38.458782], [-122.699346, 38.458804], [-122.69931, 38.458808], [-122.699331, 38.45905], [-122.69956, 38.459191], [-122.699728, 38.459294], [-122.699376, 38.459659], [-122.698783, 38.459315], [-122.698757, 38.458893], [-122.698558, 38.458944], [-122.698481, 38.458964], [-122.698416, 38.458983], [-122.698212, 38.459042], [-122.698011, 38.4591], [-122.698114, 38.45922], [-122.698405, 38.459515], [-122.698454, 38.459542], [-122.698778, 38.459807], [-122.69882, 38.459888], [-122.698634, 38.459964], [-122.698755, 38.460061], [-122.698839, 38.460015], [-122.698923, 38.460001], [-122.699074, 38.460115], [-122.699383, 38.460324], [-122.699041, 38.460685], [-122.698913, 38.460821], [-122.698741, 38.460697], [-122.698722, 38.460833], [-122.698663, 38.460949], [-122.698604, 38.461047], [-122.698556, 38.461113], [-122.698549, 38.461124], [-122.698534, 38.461146], [-122.698375, 38.461309], [-122.698276, 38.46125], [-122.698012, 38.461563], [-122.69786, 38.461772], [-122.697358, 38.462581], [-122.697218, 38.4625], [-122.697044, 38.462404], [-122.696523, 38.462079], [-122.695823, 38.461646], [-122.695885, 38.461436], [-122.69595, 38.461207], [-122.69598, 38.461132], [-122.696015, 38.461048], [-122.696074, 38.46094], [-122.69615, 38.460838], [-122.69634, 38.460643], [-122.696498, 38.460505], [-122.696591, 38.460412], [-122.696642, 38.460362], [-122.696748, 38.460248], [-122.696811, 38.460182], [-122.696895, 38.460092], [-122.696962, 38.460022], [-122.697096, 38.459854], [-122.697128, 38.459806], [-122.697199, 38.459706], [-122.697246, 38.459637], [-122.697372, 38.459458], [-122.697393, 38.459433], [-122.697447, 38.459369], [-122.697458, 38.459186], [-122.69708, 38.458876], [-122.696724, 38.45858], [-122.696793, 38.458444], [-122.696494, 38.458271], [-122.696832, 38.457912], [-122.697319, 38.457168], [-122.697379, 38.457172], [-122.697668, 38.457163], [-122.697882, 38.457157], [-122.698202, 38.457222], [-122.698635, 38.4572], [-122.699773, 38.457368], [-122.700252, 38.45697], [-122.700787, 38.457269], [-122.70114, 38.457467], [-122.701189, 38.457498]], [[-122.699199, 38.47431], [-122.699199, 38.47468], [-122.697713, 38.474717], [-122.697515, 38.474751], [-122.697354, 38.474751], [-122.697218, 38.474746], [-122.696731, 38.474745], [-122.696564, 38.474751], [-122.696453, 38.474766], [-122.696334, 38.474792], [-122.696127, 38.474822], [-122.695739, 38.4748], [-122.695594, 38.474788], [-122.695475, 38.474771], [-122.695323, 38.474759], [-122.694993, 38.474751], [-122.694824, 38.474753], [-122.69478, 38.474244], [-122.694803, 38.474226], [-122.694773, 38.4728], [-122.694848, 38.472785], [-122.694949, 38.472766], [-122.695064, 38.472698], [-122.695138, 38.472651], [-122.695214, 38.472596], [-122.695281, 38.472546], [-122.695345, 38.472433], [-122.69539, 38.472352], [-122.695403, 38.472329], [-122.695481, 38.472177], [-122.695462, 38.472154], [-122.695503, 38.472135], [-122.695567, 38.472105], [-122.695598, 38.472091], [-122.695794, 38.471989], [-122.695846, 38.471963], [-122.695908, 38.471926], [-122.696115, 38.471805], [-122.69625, 38.471738], [-122.696368, 38.471681], [-122.696543, 38.471608], [-122.696642, 38.471567], [-122.696762, 38.471524], [-122.696823, 38.471503], [-122.697092, 38.471423], [-122.697235, 38.471388], [-122.697624, 38.471311], [-122.697872, 38.471278], [-122.698005, 38.471268], [-122.69829, 38.471249], [-122.698429, 38.471249], [-122.69848, 38.471249], [-122.698519, 38.471249], [-122.698635, 38.471255], [-122.698687, 38.471259], [-122.698662, 38.471592], [-122.698611, 38.472278], [-122.698587, 38.472594], [-122.698563, 38.472929], [-122.698561, 38.473449], [-122.698764, 38.473479], [-122.698814, 38.47366], [-122.699199, 38.47431]], [[-122.697561, 38.426446], [-122.697373, 38.426485], [-122.697127, 38.426565], [-122.696459, 38.426764], [-122.695632, 38.427022], [-122.695581, 38.427052], [-122.695552, 38.427093], [-122.695498, 38.427096], [-122.695377, 38.427125], [-122.695244, 38.42717], [-122.694445, 38.427443], [-122.694345, 38.427487], [-122.694308, 38.427504], [-122.694082, 38.427282], [-122.693517, 38.42671], [-122.694209, 38.426608], [-122.694235, 38.426281], [-122.693907, 38.426284], [-122.692951, 38.426234], [-122.692934, 38.426128], [-122.692847, 38.425588], [-122.692831, 38.425425], [-122.69297, 38.425451], [-122.693533, 38.425706], [-122.693742, 38.425726], [-122.695274, 38.425878], [-122.69619, 38.426118], [-122.696583, 38.426222], [-122.696984, 38.426358], [-122.697561, 38.426446]], [[-122.695791, 38.465176], [-122.695742, 38.46526], [-122.695588, 38.465469], [-122.694189, 38.464977], [-122.694408, 38.464705], [-122.694435, 38.464651], [-122.694955, 38.464839], [-122.695029, 38.464876], [-122.695253, 38.464988], [-122.695328, 38.465026], [-122.695791, 38.465176]], [[-122.695692, 38.461567], [-122.695647, 38.461727], [-122.695515, 38.46221], [-122.695472, 38.462371], [-122.695582, 38.462376], [-122.695566, 38.462409], [-122.695455, 38.46264], [-122.695415, 38.462728], [-122.695335, 38.462856], [-122.695287, 38.462906], [-122.695059, 38.463152], [-122.694939, 38.463298], [-122.694872, 38.463394], [-122.694811, 38.463515], [-122.694758, 38.463677], [-122.694718, 38.463845], [-122.694675, 38.463987], [-122.694637, 38.464114], [-122.694634, 38.464125], [-122.69458, 38.464245], [-122.694446, 38.464465], [-122.694378, 38.464579], [-122.694334, 38.46465], [-122.694231, 38.464822], [-122.694202, 38.464861], [-122.694153, 38.464928], [-122.694134, 38.464954], [-122.694093, 38.465017], [-122.693966, 38.465215], [-122.693914, 38.465287], [-122.693884, 38.465332], [-122.693856, 38.465378], [-122.695278, 38.46595], [-122.694472, 38.467211], [-122.693826, 38.466955], [-122.693151, 38.46669], [-122.693095, 38.466668], [-122.693041, 38.46664], [-122.693151, 38.466471], [-122.693198, 38.466401], [-122.693156, 38.466386], [-122.69303, 38.466341], [-122.692988, 38.466327], [-122.692509, 38.466141], [-122.691942, 38.465921], [-122.691496, 38.465813], [-122.691739, 38.465407], [-122.692004, 38.464967], [-122.691965, 38.464952], [-122.691849, 38.464908], [-122.691811, 38.464894], [-122.692025, 38.464553], [-122.691627, 38.464402], [-122.691672, 38.464331], [-122.691453, 38.464234], [-122.691513, 38.464039], [-122.691398, 38.46401], [-122.691498, 38.46361], [-122.691921, 38.463639], [-122.692319, 38.463689], [-122.693547, 38.463845], [-122.694236, 38.463933], [-122.693497, 38.463351], [-122.693231, 38.463205], [-122.693477, 38.463057], [-122.693608, 38.46298], [-122.693626, 38.462706], [-122.693619, 38.462606], [-122.693546, 38.462575], [-122.693511, 38.462544], [-122.693498, 38.462527], [-122.693472, 38.462493], [-122.693416, 38.462101], [-122.693396, 38.461957], [-122.693437, 38.461961], [-122.693562, 38.461973], [-122.693604, 38.461978], [-122.693786, 38.461932], [-122.694335, 38.461798], [-122.694518, 38.461754], [-122.694715, 38.46172], [-122.695306, 38.461621], [-122.695504, 38.461588], [-122.695541, 38.461583], [-122.695654, 38.46157], [-122.695692, 38.461567]], [[-122.693857, 38.468146], [-122.692412, 38.470413], [-122.691957, 38.47038], [-122.690649, 38.470391], [-122.690585, 38.470491], [-122.690176, 38.471143], [-122.690018, 38.471084], [-122.687764, 38.470211], [-122.687765, 38.470132], [-122.687768, 38.46994], [-122.68777, 38.46982], [-122.687758, 38.469705], [-122.68776, 38.469691], [-122.687794, 38.469514], [-122.687849, 38.469362], [-122.687997, 38.469059], [-122.688033, 38.469], [-122.688058, 38.468961], [-122.688169, 38.468792], [-122.688365, 38.468797], [-122.688564, 38.468842], [-122.688918, 38.468923], [-122.689019, 38.468832], [-122.68909, 38.468865], [-122.68953, 38.469059], [-122.689611, 38.468937], [-122.689834, 38.468604], [-122.690033, 38.468683], [-122.690133, 38.468722], [-122.69065, 38.468924], [-122.690729, 38.468957], [-122.691044, 38.469073], [-122.691207, 38.469109], [-122.69128, 38.469113], [-122.691352, 38.469102], [-122.691386, 38.469092], [-122.691448, 38.469062], [-122.6915, 38.469021], [-122.691587, 38.468906], [-122.691598, 38.468892], [-122.691829, 38.468543], [-122.69202, 38.468241], [-122.692101, 38.468113], [-122.692182, 38.467989], [-122.692275, 38.467851], [-122.692289, 38.467828], [-122.692339, 38.467755], [-122.692349, 38.46774], [-122.692418, 38.467627], [-122.692455, 38.467568], [-122.693372, 38.467947], [-122.693857, 38.468146]], [[-122.69002, 38.47238], [-122.690019, 38.473104], [-122.68975, 38.473554], [-122.689744, 38.474149], [-122.688909, 38.473862], [-122.689264, 38.473249], [-122.688879, 38.473112], [-122.689321, 38.47244], [-122.68935, 38.472377], [-122.689143, 38.472387], [-122.688868, 38.472389], [-122.688785, 38.472385], [-122.688766, 38.472383], [-122.68877, 38.472013], [-122.688743, 38.472024], [-122.688722, 38.471841], [-122.688146, 38.471746], [-122.688217, 38.47207], [-122.687776, 38.472114], [-122.687772, 38.472088], [-122.687766, 38.471955], [-122.687771, 38.471478], [-122.687768, 38.471234], [-122.687767, 38.471211], [-122.687767, 38.471181], [-122.68996, 38.471471], [-122.689652, 38.471969], [-122.689403, 38.472373], [-122.689631, 38.472357], [-122.689805, 38.472361], [-122.690002, 38.472378], [-122.69002, 38.47238]], [[-122.686883, 38.474778], [-122.686883, 38.474831], [-122.686879, 38.474861], [-122.686862, 38.474903], [-122.686829, 38.474946], [-122.686812, 38.474963], [-122.686745, 38.475009], [-122.686641, 38.475079], [-122.686586, 38.475115], [-122.686545, 38.475145], [-122.686515, 38.475162], [-122.686484, 38.475183], [-122.686448, 38.475207], [-122.686419, 38.475227], [-122.686383, 38.475251], [-122.686355, 38.47527], [-122.686335, 38.475283], [-122.686202, 38.475372], [-122.686102, 38.475439], [-122.686101, 38.474848], [-122.686096, 38.474804], [-122.686035, 38.474804], [-122.685966, 38.474805], [-122.685807, 38.474806], [-122.685703, 38.474808], [-122.685394, 38.474811], [-122.685439, 38.474536], [-122.685492, 38.474518], [-122.685571, 38.474491], [-122.685729, 38.474442], [-122.686031, 38.474345], [-122.686024, 38.474323], [-122.686212, 38.474342], [-122.686297, 38.474351], [-122.686368, 38.474368], [-122.686428, 38.474379], [-122.686484, 38.474382], [-122.686559, 38.474377], [-122.686617, 38.474369], [-122.6867, 38.47436], [-122.686731, 38.474378], [-122.686747, 38.474402], [-122.686774, 38.474437], [-122.686797, 38.47446], [-122.686818, 38.474476], [-122.686832, 38.474486], [-122.686856, 38.4745], [-122.686867, 38.474523], [-122.68688, 38.47455], [-122.686881, 38.474632], [-122.686882, 38.474705], [-122.686883, 38.474778]], [[-122.684505, 38.469222], [-122.684492, 38.46925], [-122.684471, 38.469305], [-122.684418, 38.46947], [-122.684354, 38.469706], [-122.684324, 38.46983], [-122.684311, 38.469886], [-122.684257, 38.470304], [-122.684253, 38.470371], [-122.684246, 38.470509], [-122.684226, 38.470732], [-122.684218, 38.470833], [-122.684198, 38.471011], [-122.684197, 38.471219], [-122.684192, 38.47132], [-122.684083, 38.471312], [-122.683275, 38.471259], [-122.683189, 38.471258], [-122.683191, 38.471247], [-122.683197, 38.471178], [-122.68322, 38.470941], [-122.683228, 38.470862], [-122.683239, 38.470739], [-122.683252, 38.470609], [-122.683278, 38.47042], [-122.681841, 38.470315], [-122.681887, 38.469997], [-122.681965, 38.469144], [-122.680477, 38.469051], [-122.68052, 38.46877], [-122.680562, 38.468493], [-122.680618, 38.468007], [-122.680707, 38.467252], [-122.682246, 38.467358], [-122.682341, 38.466602], [-122.680797, 38.466485], [-122.680846, 38.466064], [-122.680848, 38.46605], [-122.680855, 38.466011], [-122.680858, 38.465999], [-122.680865, 38.465899], [-122.680866, 38.465853], [-122.680871, 38.465715], [-122.680873, 38.46567], [-122.680894, 38.465534], [-122.680912, 38.465419], [-122.680905, 38.465341], [-122.680901, 38.465294], [-122.683897, 38.46481], [-122.683885, 38.464946], [-122.683844, 38.46526], [-122.683817, 38.46548], [-122.683795, 38.465737], [-122.68377, 38.465922], [-122.683754, 38.466131], [-122.683727, 38.466348], [-122.683697, 38.466644], [-122.683694, 38.466744], [-122.683666, 38.467006], [-122.683648, 38.467214], [-122.683646, 38.467251], [-122.683608, 38.467601], [-122.683567, 38.467864], [-122.683561, 38.467907], [-122.683546, 38.468172], [-122.683527, 38.468343], [-122.683495, 38.468651], [-122.683482, 38.468869], [-122.683468, 38.468964], [-122.683438, 38.469179], [-122.684505, 38.469222]], [[-122.681745, 38.472418], [-122.681577, 38.472889], [-122.681467, 38.473372], [-122.681512, 38.473865], [-122.681585, 38.474816], [-122.681585, 38.475676], [-122.680933, 38.475676], [-122.680776, 38.475677], [-122.680567, 38.475676], [-122.680304, 38.475669], [-122.679936, 38.475632], [-122.679917, 38.475629], [-122.679843, 38.475621], [-122.679842, 38.475633], [-122.679834, 38.475768], [-122.679824, 38.475934], [-122.679616, 38.475923], [-122.679205, 38.475909], [-122.679016, 38.475902], [-122.67902, 38.475779], [-122.679046, 38.475644], [-122.679047, 38.475503], [-122.679046, 38.475373], [-122.679047, 38.475308], [-122.678782, 38.475305], [-122.678432, 38.475298], [-122.678445, 38.475368], [-122.678419, 38.475503], [-122.678374, 38.475574], [-122.678157, 38.475804], [-122.678054, 38.475929], [-122.678048, 38.47599], [-122.677984, 38.47606], [-122.677977, 38.47612], [-122.677986, 38.476174], [-122.677996, 38.476244], [-122.678002, 38.476275], [-122.677951, 38.47634], [-122.677816, 38.476406], [-122.677682, 38.476516], [-122.677618, 38.47661], [-122.677555, 38.476651], [-122.677506, 38.47667], [-122.677438, 38.476669], [-122.677474, 38.476633], [-122.677412, 38.476613], [-122.677557, 38.476297], [-122.677733, 38.47591], [-122.677917, 38.475509], [-122.678199, 38.474894], [-122.678378, 38.474918], [-122.678373, 38.474726], [-122.678513, 38.474588], [-122.678536, 38.474537], [-122.678617, 38.474368], [-122.678604, 38.474298], [-122.678583, 38.474176], [-122.678408, 38.473956], [-122.678381, 38.473878], [-122.678268, 38.473555], [-122.678197, 38.473436], [-122.679071, 38.473122], [-122.679946, 38.472801], [-122.679975, 38.472791], [-122.680051, 38.472767], [-122.680054, 38.472741], [-122.680056, 38.472722], [-122.680069, 38.472718], [-122.680127, 38.47258], [-122.680135, 38.472442], [-122.680151, 38.472357], [-122.680325, 38.472438], [-122.680362, 38.472352], [-122.680384, 38.4723], [-122.680439, 38.47207], [-122.68051, 38.472084], [-122.680706, 38.472134], [-122.680999, 38.47221], [-122.681311, 38.472301], [-122.681555, 38.472362], [-122.681745, 38.472418]], [[-122.6800588, 38.4714732], [-122.6800496, 38.4715808], [-122.6800338, 38.4719936], [-122.6800331, 38.4721674], [-122.6780864, 38.4728479], [-122.6780819, 38.4728379], [-122.6778365, 38.4726434], [-122.6777166, 38.4725918], [-122.6777391, 38.4725188], [-122.6777514, 38.4724502], [-122.6777556, 38.472381], [-122.6777529, 38.4723029], [-122.6800588, 38.4714732]], [[-122.678082, 38.4565], [-122.678046, 38.456525], [-122.677999, 38.45656], [-122.677943, 38.4566], [-122.677864, 38.456653], [-122.677735, 38.456742], [-122.677622, 38.45682], [-122.677455, 38.45693], [-122.677319, 38.457021], [-122.677227, 38.457082], [-122.676819, 38.45671], [-122.676075, 38.456015], [-122.676186, 38.45591], [-122.676603, 38.455518], [-122.676788, 38.455697], [-122.676798, 38.455672], [-122.677392, 38.456226], [-122.677452, 38.456182], [-122.67751, 38.456235], [-122.677669, 38.456127], [-122.677793, 38.456227], [-122.678082, 38.4565]], [[-122.676206, 38.475434], [-122.676011, 38.475615], [-122.676003, 38.475769], [-122.675975, 38.476357], [-122.675871, 38.476577], [-122.675036, 38.476877], [-122.674927, 38.476917], [-122.674543, 38.477164], [-122.674523, 38.477904], [-122.674605, 38.477899], [-122.674647, 38.478084], [-122.674737, 38.478786], [-122.67476, 38.478898], [-122.675256, 38.478826], [-122.675271, 38.478851], [-122.675387, 38.47904], [-122.675426, 38.479103], [-122.675495, 38.480076], [-122.675502, 38.48016], [-122.673741, 38.480208], [-122.67359, 38.480209], [-122.67359, 38.480264], [-122.673572, 38.481571], [-122.673551, 38.482072], [-122.673543, 38.48208], [-122.672856, 38.482085], [-122.672559, 38.482086], [-122.672528, 38.481638], [-122.672697, 38.481644], [-122.672927, 38.481654], [-122.673029, 38.481658], [-122.673096, 38.481311], [-122.673104, 38.481271], [-122.673116, 38.4812], [-122.672968, 38.481032], [-122.67288, 38.480721], [-122.672893, 38.480625], [-122.672954, 38.480398], [-122.672963, 38.480368], [-122.672942, 38.480367], [-122.672978, 38.480145], [-122.67307, 38.479856], [-122.67292, 38.479783], [-122.672902, 38.479704], [-122.672913, 38.47968], [-122.672999, 38.47968], [-122.672972, 38.479654], [-122.67302, 38.47943], [-122.672972, 38.479389], [-122.672956, 38.479296], [-122.672987, 38.479256], [-122.67311, 38.479278], [-122.673172, 38.47923], [-122.673274, 38.479052], [-122.673443, 38.478999], [-122.673382, 38.478894], [-122.673317, 38.478784], [-122.673127, 38.478831], [-122.67295, 38.478871], [-122.672535, 38.478873], [-122.672532, 38.478825], [-122.672546, 38.47882], [-122.672738, 38.478816], [-122.672916, 38.478818], [-122.673057, 38.478784], [-122.673071, 38.47878], [-122.673042, 38.478579], [-122.672787, 38.478579], [-122.672527, 38.478579], [-122.672524, 38.478483], [-122.672497, 38.477933], [-122.672692, 38.477934], [-122.672831, 38.477931], [-122.672849, 38.47739], [-122.673162, 38.477323], [-122.673561, 38.477211], [-122.673569, 38.476905], [-122.673561, 38.476892], [-122.673873, 38.476774], [-122.673995, 38.476729], [-122.674134, 38.476684], [-122.674551, 38.476553], [-122.67469, 38.476509], [-122.6754, 38.476275], [-122.675458, 38.47622], [-122.675465, 38.476164], [-122.675441, 38.476122], [-122.675366, 38.476162], [-122.675256, 38.476235], [-122.675237, 38.476242], [-122.675076, 38.476306], [-122.67481, 38.476404], [-122.674685, 38.476451], [-122.674644, 38.476358], [-122.674349, 38.475836], [-122.675042, 38.475455], [-122.676175, 38.475285], [-122.676206, 38.475434]], [[-122.671287, 38.474098], [-122.670834, 38.474261], [-122.670679, 38.47432], [-122.670243, 38.474476], [-122.669925, 38.474588], [-122.670067, 38.474815], [-122.670229, 38.475141], [-122.669474, 38.4754], [-122.66973, 38.475843], [-122.669821, 38.476002], [-122.669109, 38.476245], [-122.668787, 38.475678], [-122.66877, 38.475649], [-122.668552, 38.475715], [-122.668172, 38.476109], [-122.66779, 38.476504], [-122.667564, 38.476063], [-122.668037, 38.475902], [-122.668011, 38.475863], [-122.667924, 38.475737], [-122.667445, 38.475908], [-122.667383, 38.475804], [-122.667354, 38.475753], [-122.66728, 38.475777], [-122.665633, 38.476311], [-122.665434, 38.475969], [-122.665252, 38.47566], [-122.665152, 38.475499], [-122.665557, 38.475361], [-122.666739, 38.474952], [-122.66679, 38.474926], [-122.666851, 38.474887], [-122.667246, 38.474748], [-122.666916, 38.474201], [-122.667493, 38.474004], [-122.667296, 38.473632], [-122.668232, 38.473315], [-122.668306, 38.473295], [-122.66826, 38.473214], [-122.66821, 38.473128], [-122.668187, 38.473089], [-122.667228, 38.47344], [-122.667119, 38.473245], [-122.666786, 38.473363], [-122.666618, 38.473424], [-122.666521, 38.473466], [-122.666156, 38.473657], [-122.666056, 38.473489], [-122.665957, 38.47332], [-122.665838, 38.47312], [-122.667822, 38.472452], [-122.66771, 38.472258], [-122.667766, 38.472242], [-122.667719, 38.47216], [-122.66769, 38.472104], [-122.668526, 38.471807], [-122.668579, 38.471889], [-122.66974, 38.471482], [-122.669768, 38.471526], [-122.669874, 38.471488], [-122.669998, 38.471702], [-122.670072, 38.471831], [-122.670122, 38.471917], [-122.669834, 38.472038], [-122.669771, 38.472057], [-122.668689, 38.472388], [-122.668401, 38.472477], [-122.668338, 38.472518], [-122.668268, 38.472563], [-122.66806, 38.4727], [-122.667991, 38.472746], [-122.668014, 38.472786], [-122.668063, 38.472871], [-122.668091, 38.472921], [-122.668486, 38.47278], [-122.668516, 38.472768], [-122.668682, 38.472711], [-122.668992, 38.473264], [-122.668795, 38.473329], [-122.668403, 38.473464], [-122.668447, 38.473539], [-122.668494, 38.473621], [-122.668567, 38.473747], [-122.668636, 38.473717], [-122.669763, 38.473314], [-122.669862, 38.473479], [-122.670038, 38.47376], [-122.670588, 38.473456], [-122.670912, 38.473286], [-122.671027, 38.473488], [-122.671253, 38.473882], [-122.671167, 38.473895], [-122.671287, 38.474098]], [[-122.67073, 38.472968], [-122.670124, 38.473189], [-122.669876, 38.472777], [-122.670492, 38.472558], [-122.67073, 38.472968]], [[-122.667407, 38.470454], [-122.66724, 38.470505], [-122.667256, 38.470534], [-122.667027, 38.470607], [-122.667254, 38.471179], [-122.666698, 38.471372], [-122.666416, 38.471467], [-122.666602, 38.471814], [-122.666473, 38.471861], [-122.666188, 38.471953], [-122.6661, 38.471983], [-122.665914, 38.471644], [-122.665825, 38.471675], [-122.666063, 38.472106], [-122.665743, 38.472215], [-122.665494, 38.47179], [-122.665228, 38.471888], [-122.664326, 38.472189], [-122.664182, 38.472235], [-122.663882, 38.471348], [-122.663781, 38.471158], [-122.663695, 38.47101], [-122.663697, 38.470658], [-122.664549, 38.47038], [-122.664676, 38.470292], [-122.664909, 38.470253], [-122.66493, 38.470187], [-122.665452, 38.470049], [-122.666171, 38.469497], [-122.666248, 38.469447], [-122.666298, 38.469353], [-122.66634, 38.469309], [-122.666518, 38.468906], [-122.666566, 38.468796], [-122.666728, 38.468761], [-122.666762, 38.468853], [-122.666987, 38.469447], [-122.667044, 38.469598], [-122.666659, 38.469754], [-122.666803, 38.470121], [-122.66683, 38.470196], [-122.667241, 38.470058], [-122.667252, 38.470123], [-122.667267, 38.470155], [-122.667407, 38.470454]], [[-122.66733, 38.478134], [-122.666928, 38.47828], [-122.666815, 38.47832], [-122.666716, 38.478188], [-122.66642, 38.477687], [-122.666675, 38.477597], [-122.666949, 38.477499], [-122.667266, 38.478044], [-122.66733, 38.478134]], [[-122.666778, 38.468619], [-122.66659, 38.468666], [-122.6655, 38.468917], [-122.664421, 38.466002], [-122.665682, 38.465719], [-122.665728, 38.465849], [-122.66577, 38.465965], [-122.665836, 38.466134], [-122.665932, 38.466382], [-122.665966, 38.466473], [-122.66607, 38.466749], [-122.666105, 38.466841], [-122.666207, 38.467117], [-122.666264, 38.467268], [-122.66628, 38.467307], [-122.666326, 38.467416], [-122.666524, 38.467943], [-122.666628, 38.468219], [-122.666667, 38.468323], [-122.666778, 38.468619]], [[-122.660385, 38.464834], [-122.660086, 38.46489], [-122.659877, 38.46492], [-122.659728, 38.464942], [-122.65938, 38.464979], [-122.659029, 38.465001], [-122.65888, 38.464488], [-122.658249, 38.462259], [-122.658999, 38.462031], [-122.65959, 38.461902], [-122.659831, 38.46278], [-122.659839, 38.462808], [-122.659901, 38.463018], [-122.659957, 38.463213], [-122.659967, 38.463256], [-122.660006, 38.463407], [-122.660027, 38.463492], [-122.660033, 38.463514], [-122.660098, 38.463747], [-122.660123, 38.463832], [-122.660173, 38.463995], [-122.660207, 38.464107], [-122.660298, 38.464359], [-122.660322, 38.464485], [-122.660356, 38.464654], [-122.660363, 38.464689], [-122.660379, 38.464797], [-122.660385, 38.464834]], [[-122.6592, 38.466166], [-122.658003, 38.466304], [-122.657957, 38.466027], [-122.657938, 38.465879], [-122.657936, 38.465861], [-122.65908, 38.465863], [-122.6592, 38.466166]], [[-122.653034, 38.461945], [-122.652309, 38.462007], [-122.651617, 38.461649], [-122.650951, 38.461472], [-122.650868, 38.461449], [-122.650502, 38.461281], [-122.650297, 38.460967], [-122.650408, 38.460901], [-122.651274, 38.460373], [-122.651248, 38.460346], [-122.651676, 38.460113], [-122.65201, 38.459931], [-122.652123, 38.460068], [-122.652242, 38.460211], [-122.652464, 38.460481], [-122.652578, 38.460619], [-122.652765, 38.460847], [-122.653001, 38.461119], [-122.653029, 38.46186], [-122.653034, 38.461945]], [[-122.649055, 38.460228], [-122.648847, 38.46021], [-122.648665, 38.460236], [-122.648499, 38.46026], [-122.648358, 38.460281], [-122.648172, 38.460339], [-122.647925, 38.460418], [-122.647415, 38.460675], [-122.647324, 38.460553], [-122.647348, 38.460525], [-122.647385, 38.46046], [-122.647509, 38.459885], [-122.647533, 38.459784], [-122.647565, 38.459652], [-122.647614, 38.459484], [-122.647626, 38.459442], [-122.647632, 38.459421], [-122.647639, 38.459388], [-122.647674, 38.459226], [-122.647687, 38.459173], [-122.647695, 38.459133], [-122.647719, 38.459031], [-122.647723, 38.459013], [-122.647733, 38.458974], [-122.647792, 38.458731], [-122.647838, 38.458544], [-122.647961, 38.458003], [-122.648002, 38.457868], [-122.648364, 38.457947], [-122.648438, 38.457963], [-122.648704, 38.45832], [-122.648673, 38.458691], [-122.648647, 38.458969], [-122.64866, 38.459187], [-122.6487, 38.459675], [-122.648723, 38.459842], [-122.648765, 38.459924], [-122.649055, 38.460228]], [[-122.647187, 38.462744], [-122.647142, 38.463565], [-122.645824, 38.463113], [-122.645709, 38.463074], [-122.645761, 38.462969], [-122.646, 38.462899], [-122.64627, 38.462879], [-122.646327, 38.462875], [-122.646372, 38.462098], [-122.645812, 38.462034], [-122.64585, 38.461403], [-122.645954, 38.461461], [-122.646231, 38.461531], [-122.646398, 38.461539], [-122.646489, 38.461542], [-122.646649, 38.461549], [-122.64691, 38.461502], [-122.646866, 38.462145], [-122.647148, 38.462178], [-122.647187, 38.462744]], [[-122.646439, 38.46106], [-122.646422, 38.461091], [-122.646421, 38.461132], [-122.646372, 38.46138], [-122.646365, 38.4614], [-122.646271, 38.461394], [-122.646, 38.461331], [-122.645699, 38.461193], [-122.645721, 38.461008], [-122.645861, 38.461046], [-122.646001, 38.461084], [-122.646119, 38.461086], [-122.646227, 38.461088], [-122.64632, 38.461074], [-122.646439, 38.46106]], [[-122.639283, 38.460749], [-122.639, 38.461003], [-122.638686, 38.461024], [-122.638243, 38.461821], [-122.637737, 38.462407], [-122.637469, 38.462802], [-122.637125, 38.4632], [-122.634502, 38.461647], [-122.633158, 38.460853], [-122.634962, 38.459895], [-122.634582, 38.459506], [-122.635418, 38.459076], [-122.635734, 38.458913], [-122.63588, 38.458837], [-122.637104, 38.459473], [-122.637246, 38.459546], [-122.637442, 38.459647], [-122.638222, 38.460081], [-122.638227, 38.460106], [-122.638374, 38.460196], [-122.638471, 38.460255], [-122.639283, 38.460749]], [[-122.637316, 38.455675], [-122.636994, 38.455781], [-122.636439, 38.455856], [-122.636278, 38.455912], [-122.636202, 38.455782], [-122.636157, 38.455727], [-122.636104, 38.455662], [-122.636027, 38.455588], [-122.635772, 38.455382], [-122.635713, 38.455324], [-122.635661, 38.455266], [-122.63532, 38.454838], [-122.635251, 38.45477], [-122.635132, 38.454679], [-122.635044, 38.454626], [-122.634912, 38.454566], [-122.634666, 38.454464], [-122.634635, 38.454454], [-122.634516, 38.45442], [-122.634353, 38.454393], [-122.634111, 38.454359], [-122.633974, 38.454332], [-122.63384, 38.454302], [-122.633674, 38.454256], [-122.633627, 38.454241], [-122.632962, 38.454025], [-122.632813, 38.453989], [-122.632711, 38.453975], [-122.632607, 38.45397], [-122.632593, 38.45397], [-122.632452, 38.453979], [-122.632241, 38.454025], [-122.632202, 38.454033], [-122.632087, 38.454058], [-122.632049, 38.454067], [-122.63144, 38.454207], [-122.631158, 38.454273], [-122.630151, 38.45381], [-122.630509, 38.453415], [-122.631638, 38.452247], [-122.631587, 38.452199], [-122.631454, 38.45207], [-122.63126, 38.452017], [-122.631219, 38.451997], [-122.630076, 38.451434], [-122.62982, 38.451265], [-122.629616, 38.451084], [-122.629295, 38.450811], [-122.629457, 38.450695], [-122.629995, 38.450311], [-122.635495, 38.453411], [-122.635515, 38.453439], [-122.635832, 38.453711], [-122.63625, 38.454183], [-122.636441, 38.454449], [-122.636968, 38.4552], [-122.637316, 38.455675]]], [[[-122.77767, 38.368085], [-122.777136, 38.368082], [-122.777126, 38.367877], [-122.777092, 38.367778], [-122.776877, 38.367379], [-122.77668, 38.366652], [-122.776498, 38.366272], [-122.776433, 38.366242], [-122.775801, 38.36595], [-122.775003, 38.365778], [-122.773707, 38.365684], [-122.773599, 38.365664], [-122.77325, 38.365683], [-122.772659, 38.365891], [-122.772242, 38.366057], [-122.771754, 38.366298], [-122.771649, 38.36637], [-122.771265, 38.366518], [-122.771181, 38.366534], [-122.771112, 38.366573], [-122.770965, 38.366628], [-122.770693, 38.366658], [-122.770491, 38.366682], [-122.770009, 38.366699], [-122.769883, 38.366671], [-122.769695, 38.366622], [-122.769458, 38.366528], [-122.769332, 38.366468], [-122.769172, 38.36638], [-122.769088, 38.366303], [-122.769046, 38.366286], [-122.768997, 38.36622], [-122.768848, 38.366119], [-122.768796, 38.366626], [-122.768782, 38.367272], [-122.768707, 38.37074], [-122.768683, 38.371897], [-122.768695, 38.372217], [-122.768731, 38.373177], [-122.768743, 38.373498], [-122.769802, 38.373719], [-122.770601, 38.373885], [-122.772451, 38.37427], [-122.772673, 38.374316], [-122.773835, 38.374578], [-122.776165, 38.375104], [-122.777644, 38.375438], [-122.777651, 38.37521], [-122.777653, 38.375136], [-122.777656, 38.375055], [-122.777656, 38.375002], [-122.777658, 38.374145], [-122.777659, 38.373554], [-122.777668, 38.369051], [-122.777669, 38.368105], [-122.77767, 38.368085]]], [[[-122.768665, 38.367033], [-122.768412, 38.367024], [-122.768518, 38.366278], [-122.768161, 38.366298], [-122.767314, 38.366215], [-122.766507, 38.36606], [-122.765581, 38.365759], [-122.764906, 38.365438], [-122.763565, 38.364289], [-122.763591, 38.366283], [-122.763591, 38.36676], [-122.763593, 38.368191], [-122.763594, 38.368669], [-122.763597, 38.369099], [-122.763606, 38.370391], [-122.76361, 38.370822], [-122.76361, 38.370934], [-122.763613, 38.371272], [-122.763614, 38.371385], [-122.763614, 38.371493], [-122.763617, 38.371816], [-122.763618, 38.371925], [-122.764564, 38.371903], [-122.767406, 38.371838], [-122.768353, 38.371817], [-122.768633, 38.371815], [-122.768629, 38.371479], [-122.768607, 38.370902], [-122.768605, 38.370758], [-122.768592, 38.369546], [-122.768577, 38.368898], [-122.768575, 38.368401], [-122.768618, 38.367493], [-122.768632, 38.367339], [-122.768646, 38.367186], [-122.768665, 38.367033]]], [[[-122.763606, 38.374086], [-122.76358, 38.373022], [-122.763579, 38.3729736], [-122.763578, 38.372929], [-122.763576, 38.372852], [-122.763297, 38.372862], [-122.760619, 38.372927], [-122.76062, 38.372219], [-122.760619, 38.372065], [-122.758666, 38.3721], [-122.758711, 38.374182], [-122.763606, 38.374086]]], [[[-122.763457, 38.371181], [-122.763445, 38.370877], [-122.763029, 38.370311], [-122.758601, 38.370385], [-122.758632, 38.371255], [-122.763457, 38.371181]]], [[[-122.76238, 38.369484], [-122.761759, 38.368645], [-122.760578, 38.368678], [-122.758575, 38.368678], [-122.758589, 38.369534], [-122.76238, 38.369484]]]]}}]}